c11Tests/AppDelegateShortcutRoutingTests.swift	101	testAddWorkspaceInPreferredMainWindowIgnoresStaleTabManagerPointer	testAddWorkspaceInPreferredMainWindowIgnoresStaleWorkspaceManagerPointer	Test	
c11Tests/AreaInteractionRuntimeTests.swift	0	PaneInteractionRuntimeTests	AreaInteractionRuntimeTests	Test	@path
c11Tests/AreaInteractionRuntimeTests.swift	10	PaneInteractionRuntimeTests	AreaInteractionRuntimeTests	Test	
c11Tests/AreaMetadataPersistenceTests.swift	0	PaneMetadataPersistenceTests	AreaMetadataPersistenceTests	Test	@path
c11Tests/AreaMetadataPersistenceTests.swift	14	PaneMetadataPersistenceTests	AreaMetadataPersistenceTests	Test	
c11Tests/AreaMetadataStoreTests.swift	0	PaneMetadataStoreTests	AreaMetadataStoreTests	Test	@path
c11Tests/AreaMetadataStoreTests.swift	14	PaneMetadataStoreTests	AreaMetadataStoreTests	Test	
c11Tests/AreaMetadataStoreTests.swift	345	testRemovePaneDropsMetadata	testRemoveAreaDropsMetadata	Test	
c11Tests/AreaMetadataStoreTests.swift	361	testPruneWorkspaceKeepsValidPanes	testPruneWorkspaceKeepsValidAreas	Test	
c11Tests/AreaSizePolicyTests.swift	0	PaneSizePolicyTests	AreaSizePolicyTests	Test	@path
c11Tests/AreaSizePolicyTests.swift	12	PaneSizePolicyTests	AreaSizePolicyTests	Test	
c11Tests/AreaSizePolicyTests.swift	140	test584x173AgentPaneIsRefused	test584x173AgentAreaIsRefused	Test	
c11Tests/AttentionModelTests.swift	354	testSurfaceTabResolverUsesSuppressionOnlyForExactUnreadDemand	testTabResolverUsesSuppressionOnlyForExactUnreadDemand	Test	
c11Tests/BrowserConfigTests.swift	1100	testBrowserPanelEnablesInspectableWebViewAndDeveloperExtras	testBrowserTabEnablesInspectableWebViewAndDeveloperExtras	Test	
c11Tests/BrowserConfigTests.swift	1110	testBrowserPanelRefreshesUnderPageBackgroundColorWhenGhosttyBackgroundChanges	testBrowserTabRefreshesUnderPageBackgroundColorWhenGhosttyBackgroundChanges	Test	
c11Tests/BrowserConfigTests.swift	1154	testBrowserPanelThemeModeUpdatesWebViewAppearance	testBrowserTabThemeModeUpdatesWebViewAppearance	Test	
c11Tests/BrowserConfigTests.swift	1167	testBrowserPanelRefreshesUnderPageBackgroundColorWithGhosttyOpacity	testBrowserTabRefreshesUnderPageBackgroundColorWithGhosttyOpacity	Test	
c11Tests/BrowserConfigTests.swift	1617	testBrowserPanelUIDelegateImplementsJavaScriptDialogSelectors	testBrowserTabUIDelegateImplementsJavaScriptDialogSelectors	Test	
c11Tests/BrowserTabTests.swift	0	BrowserPanelTests	BrowserTabTests	Test	@path
c11Tests/BrowserTabTests.swift	33	BrowserPanelChromeBackgroundColorTests	BrowserTabChromeBackgroundColorTests	Test	
c11Tests/BrowserTabTests.swift	68	BrowserPanelOmnibarPillBackgroundColorTests	BrowserTabOmnibarPillBackgroundColorTests	Test	
c11Tests/BrowserTabTests.swift	108	BrowserPanelProfileIsolationTests	BrowserTabProfileIsolationTests	Test	
c11Tests/BrowserTabTests.swift	155	BrowserPanelAddressBarFocusRequestTests	BrowserTabAddressBarFocusRequestTests	Test	
c11Tests/BrowserTabTests.swift	919	BrowserPanelHostContainerViewTests	BrowserTabHostContainerViewTests	Test	
c11Tests/BrowserTabTests.swift	977	testBrowserPanelHostPrefersNativeHostedInspectorSiblingDividerHit	testBrowserTabHostPrefersNativeHostedInspectorSiblingDividerHit	Test	
c11Tests/BrowserTabTests.swift	1023	testBrowserPanelHostClaimsCollapsedHostedInspectorSiblingDividerAtLeadingEdge	testBrowserTabHostClaimsCollapsedHostedInspectorSiblingDividerAtLeadingEdge	Test	
c11Tests/BrowserTabTests.swift	1075	testBrowserPanelHostClaimsHostedInspectorDividerAcrossFullHeight	testBrowserTabHostClaimsHostedInspectorDividerAcrossFullHeight	Test	
c11Tests/BrowserTabTests.swift	1114	testBrowserPanelHostFallsBackToManualHostedInspectorDragWhenNativeDividerHitIsUnavailable	testBrowserTabHostFallsBackToManualHostedInspectorDragWhenNativeDividerHitIsUnavailable	Test	
c11Tests/BrowserTabTests.swift	1165	testBrowserPanelHostKeepsInspectorResizableAfterShrinkingToMinimumWidth	testBrowserTabHostKeepsInspectorResizableAfterShrinkingToMinimumWidth	Test	
c11Tests/BrowserTabTests.swift	1221	testBrowserPanelHostPromotesVisibleRightDockedInspectorIntoManagedSideDock	testBrowserTabHostPromotesVisibleRightDockedInspectorIntoManagedSideDock	Test	
c11Tests/BrowserTabTests.swift	1272	testBrowserPanelHostAllowsRightDockedInspectorToExpandLeftAfterPromotion	testBrowserTabHostAllowsRightDockedInspectorToExpandLeftAfterPromotion	Test	
c11Tests/BrowserTabTests.swift	1332	testBrowserPanelHostKeepsAutomaticRightDockedWidthAboveMinimumWhileShrinking	testBrowserTabHostKeepsAutomaticRightDockedWidthAboveMinimumWhileShrinking	Test	
c11Tests/BrowserTabTests.swift	1381	testBrowserPanelHostRequestsBottomDockWhenSideDockLeavesTooLittlePageWidth	testBrowserTabHostRequestsBottomDockWhenSideDockLeavesTooLittlePageWidth	Test	
c11Tests/BrowserTabTests.swift	1426	testBrowserPanelManagedSideDockDoesNotAutoresizeDraggedFrames	testBrowserTabManagedSideDockDoesNotAutoresizeDraggedFrames	Test	
c11Tests/BrowserTabTests.swift	1505	testBrowserPanelHostFallsBackToManualHostedInspectorDragForLeftDockedInspector	testBrowserTabHostFallsBackToManualHostedInspectorDragForLeftDockedInspector	Test	
c11Tests/BrowserTabTests.swift	1558	testBrowserPanelHostReappliesStoredHostedInspectorWidthAfterLayoutReset	testBrowserTabHostReappliesStoredHostedInspectorWidthAfterLayoutReset	Test	
c11Tests/BrowserTabTests.swift	1668	BrowserPaneDropRoutingTests	BrowserAreaDropRoutingTests	Test	
c11Tests/BrowserTabTests.swift	1768	testDecodeTransferPayloadReadsTabAndSourcePane	testDecodeTransferPayloadReadsTabAndSourceArea	Test	
c11Tests/CommandPaletteSearchEngineTests.swift	730	testSwitcherFingerprintTracksSurfaceValuesAtSameCardinality	testSwitcherFingerprintTracksTabValuesAtSameCardinality	Test	
c11Tests/ConversationRefTests.swift	61	testSurfaceConversationsCodableEmitsHistoryArrayExplicitly	testTabConversationsCodableEmitsHistoryArrayExplicitly	Test	
c11Tests/ConversationRefTests.swift	959	testClearWipesSurface	testClearWipesTab	Test	
c11Tests/ConversationSnapshotBridgeTests.swift	98	testSurfaceConversationsCodableEmitsHistoryAsArrayNotOmitted	testTabConversationsCodableEmitsHistoryAsArrayNotOmitted	Test	
c11Tests/GhosttyConfigTests.swift	1202	BrowserPanelRemoteStoreTests	BrowserTabRemoteStoreTests	Test	
c11Tests/GhosttyConfigTests.swift	1203	testRemoteWorkspacePanelsShareWorkspaceScopedWebsiteDataStore	testRemoteWorkspaceTabsShareWorkspaceScopedWebsiteDataStore	Test	
c11Tests/GhosttyConfigTests.swift	1343	testNewTerminalSurfaceStaysRemoteWhileBrowserPanelsKeepWorkspaceRemote	testNewTerminalTabStaysRemoteWhileBrowserPanelsKeepWorkspaceRemote	Test	
c11Tests/MailboxLayoutTests.swift	76	testInboxAllowsSpacesInSurfaceNames	testInboxAllowsSpacesInTabNames	Test	
c11Tests/MailboxLayoutTests.swift	88	testInboxAllowsUnicodeSurfaceNames	testInboxAllowsUnicodeTabNames	Test	
c11Tests/MailboxTabResolverTests.swift	0	MailboxSurfaceResolverTests	MailboxTabResolverTests	Test	@path
c11Tests/MailboxTabResolverTests.swift	9	MailboxSurfaceResolverTests	MailboxTabResolverTests	Test	
c11Tests/MailboxTabResolverTests.swift	84	testSurfaceNameReturnsTitle	testTabNameReturnsTitle	Test	
c11Tests/MailboxTabResolverTests.swift	90	testSurfaceNameReturnsNilWhenNoTitle	testTabNameReturnsNilWhenNoTitle	Test	
c11Tests/MailboxTabResolverTests.swift	98	testEnumeratesMailboxMetadataForTitledSurfaces	testEnumeratesMailboxMetadataForTitledTabs	Test	
c11Tests/MailboxTabResolverTests.swift	146	testSurfaceMetadataExposesAddressAndRole	testTabMetadataExposesAddressAndRole	Test	
c11Tests/MailboxTabResolverTests.swift	163	testSurfaceMetadataAddressAndRoleNilWhenUnset	testTabMetadataAddressAndRoleNilWhenUnset	Test	
c11Tests/MailboxTabResolverTests.swift	171	testSurfaceMetadataRoleDoesNotFallBackToCanonicalRole	testTabMetadataRoleDoesNotFallBackToCanonicalRole	Test	
c11Tests/MarkdownTabFontScaleTests.swift	0	MarkdownPanelFontScaleTests	MarkdownTabFontScaleTests	Test	@path
c11Tests/MarkdownTabFontScaleTests.swift	10	MarkdownPanelFontScaleTests	MarkdownTabFontScaleTests	Test	
c11Tests/MarkdownTabFontScaleTests.swift	69	testNewPanelsInheritLastUsedScale	testNewTabsInheritLastUsedScale	Test	
c11Tests/NotificationAndMenuBarTests.swift	70	testNotificationPaneFlashPreferenceDefaultsToEnabled	testNotificationAreaFlashPreferenceDefaultsToEnabled	Test	
c11Tests/SessionPersistenceTests.swift	12	testWorkspaceSessionSnapshotRestoresMarkdownPanel	testWorkspaceSessionSnapshotRestoresMarkdownTab	Test	
c11Tests/SessionPersistenceTests.swift	167	testSessionPanelSnapshotCustomColorRoundTrip	testSessionTabSnapshotCustomColorRoundTrip	Test	
c11Tests/SessionPersistenceTests.swift	198	testSessionPanelSnapshotCustomColorOmittedWhenNil	testSessionTabSnapshotCustomColorOmittedWhenNil	Test	
c11Tests/SessionPersistenceTests.swift	229	testSessionPanelSnapshotDecodesLegacyJSONWithoutCustomColor	testSessionTabSnapshotDecodesLegacyJSONWithoutCustomColor	Test	
c11Tests/SessionPersistenceTests.swift	258	testSessionPanelSnapshotLastActivityAtRoundTrip	testSessionTabSnapshotLastActivityAtRoundTrip	Test	
c11Tests/SessionPersistenceTests.swift	280	testSessionPanelSnapshotDecodesLegacyJSONWithoutLastActivity	testSessionTabSnapshotDecodesLegacyJSONWithoutLastActivity	Test	
c11Tests/SessionPersistenceTests.swift	297	testSessionPanelSnapshotLogicalCreationRoundTrip	testSessionTabSnapshotLogicalCreationRoundTrip	Test	
c11Tests/SessionPersistenceTests.swift	324	testSessionPanelSnapshotLegacyCreationIsNotInvented	testSessionTabSnapshotLegacyCreationIsNotInvented	Test	
c11Tests/SessionPersistenceTests.swift	504	testSessionBrowserPanelSnapshotHistoryRoundTrip	testSessionBrowserTabSnapshotHistoryRoundTrip	Test	
c11Tests/SessionPersistenceTests.swift	553	testSessionBrowserPanelSnapshotHistoryDecodesWhenKeysAreMissing	testSessionBrowserTabSnapshotHistoryDecodesWhenKeysAreMissing	Test	
c11Tests/ShortcutAndCommandPaletteTests.swift	769	LastSurfaceCloseShortcutSettingsTests	LastTabCloseShortcutSettingsTests	Test	
c11Tests/SidebarOrderingTests.swift	226	testOrderedUniquePullRequestsFollowsPanelOrderAcrossSplitsAndTabs	testOrderedUniquePullRequestsFollowsTabOrderAcrossSplitsAndTabs	Test	
c11Tests/SidebarOrderingTests.swift	368	testUpdatePanelPullRequestPreservesExistingChecksWhenUpdateOmitsThem	testUpdateTabPullRequestPreservesExistingChecksWhenUpdateOmitsThem	Test	
c11Tests/SidebarOrderingTests.swift	395	testOrderedUniquePullRequestsUsesFallbackWhenNoPanelPullRequestsExist	testOrderedUniquePullRequestsUsesFallbackWhenNoTabPullRequestsExist	Test	
c11Tests/SidebarOrderingTests.swift	412	testUpdatePanelGitBranchClearsFocusedPullRequestWhenBranchChanges	testUpdateTabGitBranchClearsFocusedPullRequestWhenBranchChanges	Test	
c11Tests/SocketTabRefRejectionWiringTests.swift	0	SocketSurfaceRefRejectionWiringTests	SocketTabRefRejectionWiringTests	Test	@path
c11Tests/SocketTabRefRejectionWiringTests.swift	20	SocketSurfaceRefRejectionWiringTests	SocketTabRefRejectionWiringTests	Test	
c11Tests/SocketTabRefValidatorTests.swift	0	SocketSurfaceRefValidatorTests	SocketTabRefValidatorTests	Test	@path
c11Tests/SocketTabRefValidatorTests.swift	12	SocketSurfaceRefValidatorTests	SocketTabRefValidatorTests	Test	
c11Tests/StdinHandlerFormattingTests.swift	220	testDeliverReportsClosedWhenSurfaceNotFound	testDeliverReportsClosedWhenTabNotFound	Test	
c11Tests/TabActivityTests.swift	0	SurfaceActivityTests	TabActivityTests	Test	@path
c11Tests/TabActivityTests.swift	11	SurfaceActivityTests	TabActivityTests	Test	
c11Tests/TabActivityTests.swift	51	testEmptyOrWhitespaceSurfaceIdIgnored	testEmptyOrWhitespaceTabIdIgnored	Test	
c11Tests/TabActivityTests.swift	71	testClearWipesSurfaceOnly	testClearWipesTabOnly	Test	
c11Tests/TabIdentityRestoreTests.swift	0	PanelIdentityRestoreTests	TabIdentityRestoreTests	Test	@path
c11Tests/TabIdentityRestoreTests.swift	16	PanelIdentityRestoreTests	TabIdentityRestoreTests	Test	
c11Tests/TabIdentityRestoreTests.swift	18	testTerminalPanelIdIsStableAcrossRoundTrip	testTerminalTabIdIsStableAcrossRoundTrip	Test	
c11Tests/TabIdentityRestoreTests.swift	39	testMarkdownPanelIdIsStableAcrossRoundTrip	testMarkdownTabIdIsStableAcrossRoundTrip	Test	
c11Tests/TabIdentityRestoreTests.swift	70	testBrowserPanelIdIsStableAcrossRoundTrip	testBrowserTabIdIsStableAcrossRoundTrip	Test	
c11Tests/TabIdentityRestoreTests.swift	93	testMixedPanelTypesAllSurviveRoundTripWithSameIds	testMixedTabTypesAllSurviveRoundTripWithSameIds	Test	
c11Tests/TabLifecycleTests.swift	0	SurfaceLifecycleTests	TabLifecycleTests	Test	@path
c11Tests/TabLifecycleTests.swift	33	SurfaceLifecycleTests	TabLifecycleTests	Test	
c11Tests/TabLifecycleTests.swift	263	testBrowserPanelPendingHibernateSkipsInitialLoad	testBrowserTabPendingHibernateSkipsInitialLoad	Test	
c11Tests/TabLifecycleTests.swift	310	testBrowserPanelDefaultConstructionStillFiresInitialLoad	testBrowserTabDefaultConstructionStillFiresInitialLoad	Test	
c11Tests/TabLivenessDeriverTests.swift	0	SurfaceLivenessDeriverTests	TabLivenessDeriverTests	Test	@path
c11Tests/TabLivenessDeriverTests.swift	18	SurfaceLivenessDeriverTests	TabLivenessDeriverTests	Test	
c11Tests/TabLivenessDeriverTests.swift	90	testSurfaceTabResolverMapsRecognizedAgentStates	testTabResolverMapsRecognizedAgentStates	Test	
c11Tests/TabLivenessDeriverTests.swift	126	testSurfaceTabResolverGivesExactDemandPrecedence	testTabResolverGivesExactDemandPrecedence	Test	
c11Tests/TabLivenessDeriverTests.swift	139	testSurfaceTabResolverDoesNotManufactureWaitingFromWorkspaceOrManualUnread	testTabResolverDoesNotManufactureWaitingFromWorkspaceOrManualUnread	Test	
c11Tests/TabLivenessDeriverTests.swift	158	testSurfaceTabResolverOmitsNonAgentActivity	testTabResolverOmitsNonAgentActivity	Test	
c11Tests/TabLivenessDeriverTests.swift	341	testSurfaceTabActivityColorsMatchDarkAndLightContract	testTabActivityColorsMatchDarkAndLightContract	Test	
c11Tests/TabMetadataStoreValidationTests.swift	0	SurfaceMetadataStoreValidationTests	TabMetadataStoreValidationTests	Test	@path
c11Tests/TabMetadataStoreValidationTests.swift	18	SurfaceMetadataStoreValidationTests	TabMetadataStoreValidationTests	Test	
c11Tests/TabSeenClockTests.swift	0	SurfaceSeenClockTests	TabSeenClockTests	Test	@path
c11Tests/TabSeenClockTests.swift	12	SurfaceSeenClockTests	TabSeenClockTests	Test	
c11Tests/TabSeenClockTests.swift	89	testLastSeenAtRoundTripsThroughPanelSnapshot	testLastSeenAtRoundTripsThroughTabSnapshot	Test	
c11Tests/TabTitleBarRenderTests.swift	0	SurfaceTitleBarRenderTests	TabTitleBarRenderTests	Test	@path
c11Tests/TabTitleBarRenderTests.swift	17	SurfaceTitleBarRenderTests	TabTitleBarRenderTests	Test	
c11Tests/TabTypeAvailabilityTests.swift	0	SurfaceTypeAvailabilityTests	TabTypeAvailabilityTests	Test	@path
c11Tests/TabTypeAvailabilityTests.swift	12	SurfaceTypeAvailabilityTests	TabTypeAvailabilityTests	Test	
c11Tests/WindowAndDragTests.swift	1033	MarkdownPanelPointerObserverViewTests	MarkdownTabPointerObserverViewTests	Test	
c11Tests/WorkspaceApplyPlanCodableTests.swift	78	testSurfaceSpecTerminalRoundTrips	testTabSpecTerminalRoundTrips	Test	
c11Tests/WorkspaceApplyPlanCodableTests.swift	100	testSurfaceSpecBrowserRoundTrips	testTabSpecBrowserRoundTrips	Test	
c11Tests/WorkspaceApplyPlanCodableTests.swift	110	testSurfaceSpecCompanionFieldsRoundTrip	testTabSpecCompanionFieldsRoundTrip	Test	
c11Tests/WorkspaceApplyPlanCodableTests.swift	125	testSurfaceSpecDecodesPrefeatureShapeWithoutCompanionFields	testTabSpecDecodesPrefeatureShapeWithoutCompanionFields	Test	
c11Tests/WorkspaceApplyPlanCodableTests.swift	133	testSurfaceSpecMarkdownRoundTrips	testTabSpecMarkdownRoundTrips	Test	
c11Tests/WorkspaceApplyPlanCodableTests.swift	143	testSurfaceSpecPreservesMailboxStarKeysVerbatim	testTabSpecPreservesMailboxStarKeysVerbatim	Test	
c11Tests/WorkspaceApplyPlanCodableTests.swift	169	testSurfaceSpecSubmitCommandRoundTrips	testTabSpecSubmitCommandRoundTrips	Test	
c11Tests/WorkspaceApplyPlanCodableTests.swift	184	testSurfaceSpecDecodesMissingSubmitCommandAsFalse	testTabSpecDecodesMissingSubmitCommandAsFalse	Test	
c11Tests/WorkspaceApplyPlanCodableTests.swift	193	testSurfaceSpecOmitsSubmitCommandWhenFalse	testTabSpecOmitsSubmitCommandWhenFalse	Test	
c11Tests/WorkspaceApplyPlanCodableTests.swift	383	testValidateRejectsDuplicateSurfaceId	testValidateRejectsDuplicateTabId	Test	
c11Tests/WorkspaceApplyPlanCodableTests.swift	397	testValidateRejectsDuplicateSurfaceReferenceAcrossPanes	testValidateRejectsDuplicateTabReferenceAcrossAreas	Test	
c11Tests/WorkspaceApplyPlanCodableTests.swift	413	testValidateRejectsDuplicateSurfaceReferenceWithinSinglePane	testValidateRejectsDuplicateTabReferenceWithinSingleArea	Test	
c11Tests/WorkspaceApplyPlanCodableTests.swift	424	testValidateRejectsUnknownSurfaceReference	testValidateRejectsUnknownTabReference	Test	
c11Tests/WorkspaceBlueprintFileCodableTests.swift	53	testBlueprintFileRoundTripsMultiSurfacePlan	testBlueprintFileRoundTripsMultiTabPlan	Test	
c11Tests/WorkspaceConversationResumeTests.swift	586	testReadConversationsByPanelIdSyncReturnsLiveData	testReadConversationsByTabIdSyncReturnsLiveData	Test	
c11Tests/WorkspaceConversationResumeTests.swift	623	testReadConversationsByPanelIdSyncEmptyStoreReturnsEmpty	testReadConversationsByTabIdSyncEmptyStoreReturnsEmpty	Test	
c11Tests/WorkspaceDerivedActivityTests.swift	19	testSetDerivedActivityStoresPerSurfaceState	testSetDerivedActivityStoresPerTabState	Test	
c11Tests/WorkspaceDerivedActivityTests.swift	55	testSetDerivedActivityIsPerSurfaceIndependent	testSetDerivedActivityIsPerTabIndependent	Test	
c11Tests/WorkspaceFlashTests.swift	82	testCancelOnUnregisteredPanelIsIdempotent	testCancelOnUnregisteredTabIsIdempotent	Test	
c11Tests/WorkspaceFlashTests.swift	120	testTeardownAllPanelsCancelsEveryPersistentFlash	testTeardownAllTabsCancelsEveryPersistentFlash	Test	
c11Tests/WorkspaceFlashTests.swift	170	testPaneFlashDisabledGuardSilencesAllChannels	testAreaFlashDisabledGuardSilencesAllChannels	Test	
c11Tests/WorkspaceIdentityRestoreTests.swift	20	testSingleWorkspaceIdIsStableAcrossTabManagerRoundTrip	testSingleWorkspaceIdIsStableAcrossWorkspaceManagerRoundTrip	Test	
c11Tests/WorkspaceLayoutExecutorAcceptanceTests.swift	89	testBrowserBeforeAgentLinkResolvesAfterAllSurfacesMaterialize	testBrowserBeforeAgentLinkResolvesAfterAllTabsMaterialize	Test	
c11Tests/WorkspaceManagerSessionSnapshotTests.swift	0	TabManagerSessionSnapshotTests	WorkspaceManagerSessionSnapshotTests	Test	@path
c11Tests/WorkspaceManagerSessionSnapshotTests.swift	10	TabManagerSessionSnapshotTests	WorkspaceManagerSessionSnapshotTests	Test	
c11Tests/WorkspaceManagerUnitTests.swift	0	TabManagerUnitTests	WorkspaceManagerUnitTests	Test	@path
c11Tests/WorkspaceManagerUnitTests.swift	27	TabManagerChildExitCloseTests	WorkspaceManagerChildExitCloseTests	Test	
c11Tests/WorkspaceManagerUnitTests.swift	100	TabManagerWorkspaceOwnershipTests	WorkspaceManagerWorkspaceOwnershipTests	Test	
c11Tests/WorkspaceManagerUnitTests.swift	122	TabManagerCloseWorkspacesWithConfirmationTests	WorkspaceManagerCloseWorkspacesWithConfirmationTests	Test	
c11Tests/WorkspaceManagerUnitTests.swift	342	TabManagerCloseCurrentPanelTests	WorkspaceManagerCloseCurrentPanelTests	Test	
c11Tests/WorkspaceManagerUnitTests.swift	451	testClosePanelButtonClosesWorkspaceWhenItOwnsTheLastSurface	testCloseTabButtonClosesWorkspaceWhenItOwnsTheLastTab	Test	
c11Tests/WorkspaceManagerUnitTests.swift	481	testClosePanelButtonStillClosesWorkspaceWhenKeepWorkspaceOpenPreferenceIsEnabled	testCloseTabButtonStillClosesWorkspaceWhenKeepWorkspaceOpenPreferenceIsEnabled	Test	
c11Tests/WorkspaceManagerUnitTests.swift	519	testGenericClosePanelKeepsWorkspaceOpenWithoutExplicitCloseMarker	testGenericCloseTabKeepsWorkspaceOpenWithoutExplicitCloseMarker	Test	
c11Tests/WorkspaceManagerUnitTests.swift	597	TabManagerNotificationFocusTests	WorkspaceManagerNotificationFocusTests	Test	
c11Tests/WorkspaceManagerUnitTests.swift	635	TabManagerPendingUnfocusPolicyTests	WorkspaceManagerPendingUnfocusPolicyTests	Test	
c11Tests/WorkspaceManagerUnitTests.swift	665	TabManagerSurfaceCreationTests	WorkspaceManagerSurfaceCreationTests	Test	
c11Tests/WorkspaceManagerUnitTests.swift	816	TabManagerEqualizeSplitsTests	WorkspaceManagerEqualizeSplitsTests	Test	
c11Tests/WorkspaceManagerUnitTests.swift	863	TabManagerWorkspaceConfigInheritanceSourceTests	WorkspaceManagerWorkspaceConfigInheritanceSourceTests	Test	
c11Tests/WorkspaceManagerUnitTests.swift	921	TabManagerReopenClosedBrowserFocusTests	WorkspaceManagerReopenClosedBrowserFocusTests	Test	
c11Tests/WorkspaceManagerUnitTests.swift	1090	TabManagerPaneInteractionScopeTests	WorkspaceManagerAreaInteractionScopeTests	Test	
c11Tests/WorkspacePullRequestSidebarTests.swift	28	testSidebarPullRequestsFilterBranchMismatchPerPanel	testSidebarPullRequestsFilterBranchMismatchPerTab	Test	
c11Tests/WorkspacePullRequestSidebarTests.swift	45	testSidebarPullRequestsPreferBestStateAcrossPanels	testSidebarPullRequestsPreferBestStateAcrossTabs	Test	
c11Tests/WorkspaceSnapshotBrowserMarkdownRoundTripTests.swift	41	testBrowserSurfaceKindRoundTrips	testBrowserTabKindRoundTrips	Test	
c11Tests/WorkspaceSnapshotBrowserMarkdownRoundTripTests.swift	130	testMixedThreeSurfacePlanRoundTrips	testMixedThreeTabPlanRoundTrips	Test	
c11Tests/WorkspaceUnitTests.swift	814	testTeardownAllPanelsClearsPanelMetadataCaches	testTeardownAllTabsClearsTabMetadataCaches	Test	
c11Tests/WorkspaceUnitTests.swift	1352	testPreferredTerminalPanelWinsWhenProvided	testPreferredTerminalTabWinsWhenProvided	Test	
c11Tests/WorkspaceUnitTests.swift	1402	testNewBrowserSurfacePrefersSelectedBrowserProfileInTargetPane	testNewBrowserTabPrefersSelectedBrowserProfileInTargetArea	Test	
c11Tests/WorkspaceUnitTests.swift	1447	testNewBrowserSurfaceFailureDoesNotMutatePreferredProfile	testNewBrowserTabFailureDoesNotMutatePreferredProfile	Test	
c11Tests/WorkspaceUnitTests.swift	1567	WorkspacePanelGitBranchTests	WorkspaceTabGitBranchTests	Test	
c11Tests/WorkspaceUnitTests.swift	1628	testDetachLastSurfaceLeavesWorkspaceTemporarilyEmptyForMoveFlow	testDetachLastTabLeavesWorkspaceTemporarilyEmptyForMoveFlow	Test	
c11Tests/WorkspaceUnitTests.swift	1669	testDetachSurfaceWithRemainingPanelsSkipsDelayedFocusReconcile	testDetachTabWithRemainingTabsSkipsDelayedFocusReconcile	Test	
c11Tests/WorkspaceUnitTests.swift	1703	testDetachAttachAcrossWorkspacesPreservesNonCustomPanelTitle	testDetachAttachAcrossWorkspacesPreservesNonCustomTabTitle	Test	
c11Tests/WorkspaceUnitTests.swift	1748	testDetachAttachAndRollbackPreserveSurfaceActivityResolverInputs	testDetachAttachAndRollbackPreserveTabActivityResolverInputs	Test	
c11Tests/WorkspaceUnitTests.swift	1826	testRemovingTerminalTypeMetadataClearsAgentSurfaceActivityState	testRemovingTerminalTypeMetadataClearsAgentTabActivityState	Test	
c11Tests/WorkspaceUnitTests.swift	2122	testNewTerminalSurfaceWithFocusFalsePreservesFocusedPanel	testNewTerminalTabWithFocusFalsePreservesFocusedTab	Test	
c11Tests/WorkspaceUnitTests.swift	2152	testNewBrowserSurfaceWithFocusFalsePreservesFocusedPanel	testNewBrowserTabWithFocusFalsePreservesFocusedTab	Test	
c11Tests/WorkspaceUnitTests.swift	2243	testClosingFocusedSplitRestoresBranchForRemainingFocusedPanel	testClosingFocusedSplitRestoresBranchForRemainingFocusedTab	Test	
c11Tests/WorkspaceUnitTests.swift	2287	testSidebarPullRequestsTrackFocusedPanelOnly	testSidebarPullRequestsTrackFocusedTabOnly	Test	
c11Tests/WorkspaceUnitTests.swift	2352	testSidebarDerivedCollectionsMatchWhenUsingPrecomputedPanelOrder	testSidebarDerivedCollectionsMatchWhenUsingPrecomputedTabOrder	Test	
c11Tests/WorkspaceUnitTests.swift	2664	SurfaceMetadataStoreTargetedReadTests	TabMetadataStoreTargetedReadTests	Test	
c11Tests/WorkspaceUnitTests.swift	2722	testTargetedReadsOnUnknownSurfaceAreEmpty	testTargetedReadsOnUnknownTabAreEmpty	Test	
c11Tests/WorkspaceUnitTests.swift	2784	testSnapshotAndRestorePreserveCreationAcrossPanelKinds	testSnapshotAndRestorePreserveCreationAcrossTabKinds	Test	
c11Tests/WorkspaceUnitTests.swift	2960	WorkspacePanelCustomColorTests	WorkspaceTabCustomColorTests	Test	
c11Tests/WorkspaceUnitTests.swift	2961	testSetPanelCustomColorNormalizesValidHex	testSetTabCustomColorNormalizesValidHex	Test	
c11Tests/WorkspaceUnitTests.swift	2975	testSetPanelCustomColorRejectsInvalidHexLeavesPriorValue	testSetTabCustomColorRejectsInvalidHexLeavesPriorValue	Test	
c11Tests/WorkspaceUnitTests.swift	2995	testSetPanelCustomColorClearsViaNilOrEmpty	testSetTabCustomColorClearsViaNilOrEmpty	Test	
c11Tests/WorkspaceUnitTests.swift	3014	testSetPanelCustomColorIgnoresUnknownPanelId	testSetTabCustomColorIgnoresUnknownTabId	Test	
c11Tests/WorkspaceUnitTests.swift	3023	testTeardownClearsPanelCustomColors	testTeardownClearsTabCustomColors	Test	
c11Tests/WorkspaceUnitTests.swift	3064	testDetachAttachAcrossWorkspacesPreservesPanelCustomColor	testDetachAttachAcrossWorkspacesPreservesTabCustomColor	Test	
