c11Tests/AppDelegateShortcutRoutingTests.swift	2066	testCmdPhysicalOWithDvorakCharactersTriggersRenameTabShortcut	testCmdPhysicalOWithDvorakCharactersTriggersRenamePanelShortcut	Test	
c11Tests/AttentionModelTests.swift	354	testTabResolverUsesSuppressionOnlyForExactUnreadDemand	testPanelResolverUsesSuppressionOnlyForExactUnreadDemand	Test	
c11Tests/BrowserConfigTests.swift	1107	testBrowserTabEnablesInspectableWebViewAndDeveloperExtras	testBrowserPanelEnablesInspectableWebViewAndDeveloperExtras	Test	
c11Tests/BrowserConfigTests.swift	1117	testBrowserTabRefreshesUnderPageBackgroundColorWhenGhosttyBackgroundChanges	testBrowserPanelRefreshesUnderPageBackgroundColorWhenGhosttyBackgroundChanges	Test	
c11Tests/BrowserConfigTests.swift	1161	testBrowserTabThemeModeUpdatesWebViewAppearance	testBrowserPanelThemeModeUpdatesWebViewAppearance	Test	
c11Tests/BrowserConfigTests.swift	1174	testBrowserTabRefreshesUnderPageBackgroundColorWithGhosttyOpacity	testBrowserPanelRefreshesUnderPageBackgroundColorWithGhosttyOpacity	Test	
c11Tests/BrowserConfigTests.swift	1403	BrowserNavigationNewTabDecisionTests	BrowserNavigationNewPanelDecisionTests	Test	
c11Tests/BrowserConfigTests.swift	1404	testLinkActivatedCmdClickOpensInNewTab	testLinkActivatedCmdClickOpensInNewPanel	Test	
c11Tests/BrowserConfigTests.swift	1414	testLinkActivatedMiddleClickOpensInNewTab	testLinkActivatedMiddleClickOpensInNewPanel	Test	
c11Tests/BrowserConfigTests.swift	1424	testLinkActivatedPlainLeftClickStaysInCurrentTab	testLinkActivatedPlainLeftClickStaysInCurrentPanel	Test	
c11Tests/BrowserConfigTests.swift	1434	testOtherNavigationMiddleClickOpensInNewTab	testOtherNavigationMiddleClickOpensInNewPanel	Test	
c11Tests/BrowserConfigTests.swift	1444	testOtherNavigationLeftClickStaysInCurrentTab	testOtherNavigationLeftClickStaysInCurrentPanel	Test	
c11Tests/BrowserConfigTests.swift	1454	testLinkActivatedButtonFourWithoutMiddleIntentStaysInCurrentTab	testLinkActivatedButtonFourWithoutMiddleIntentStaysInCurrentPanel	Test	
c11Tests/BrowserConfigTests.swift	1465	testLinkActivatedButtonFourWithRecentMiddleIntentOpensInNewTab	testLinkActivatedButtonFourWithRecentMiddleIntentOpensInNewPanel	Test	
c11Tests/BrowserConfigTests.swift	1500	testNonLinkNavigationNeverForcesNewTab	testNonLinkNavigationNeverForcesNewPanel	Test	
c11Tests/BrowserConfigTests.swift	1556	testOtherNavigationDoesNotFallbackToNewTab	testOtherNavigationDoesNotFallbackToNewPanel	Test	
c11Tests/BrowserConfigTests.swift	1564	testLinkActivatedNavigationFallsBackToNewTab	testLinkActivatedNavigationFallsBackToNewPanel	Test	
c11Tests/BrowserConfigTests.swift	1624	testBrowserTabUIDelegateImplementsJavaScriptDialogSelectors	testBrowserPanelUIDelegateImplementsJavaScriptDialogSelectors	Test	
c11Tests/BrowserConfigTests.swift	1758	testWebViewReplacementPreservesEmptyNewTabRenderState	testWebViewReplacementPreservesEmptyNewPanelRenderState	Test	
c11Tests/BrowserConfigTests.swift	1827	testResetSidebarContextClearsBrowserPanelsIntoNewTabState	testResetSidebarContextClearsBrowserPanelsIntoNewPanelState	Test	
c11Tests/BrowserImportMappingTests.swift	160	testBrowserImportHintPresentationHidesBlankTabHintWhenDismissed	testBrowserImportHintPresentationHidesBlankPanelHintWhenDismissed	Test	
c11Tests/BrowserPanelTests.swift	0	BrowserTabTests	BrowserPanelTests	Test	@path
c11Tests/BrowserPanelTests.swift	41	BrowserTabChromeBackgroundColorTests	BrowserPanelChromeBackgroundColorTests	Test	
c11Tests/BrowserPanelTests.swift	76	BrowserTabOmnibarPillBackgroundColorTests	BrowserPanelOmnibarPillBackgroundColorTests	Test	
c11Tests/BrowserPanelTests.swift	116	BrowserTabProfileIsolationTests	BrowserPanelProfileIsolationTests	Test	
c11Tests/BrowserPanelTests.swift	329	BrowserTabAddressBarFocusRequestTests	BrowserPanelAddressBarFocusRequestTests	Test	
c11Tests/BrowserPanelTests.swift	897	BrowserTabHostContainerViewTests	BrowserPanelHostContainerViewTests	Test	
c11Tests/BrowserPanelTests.swift	955	testBrowserTabHostPrefersNativeHostedInspectorSiblingDividerHit	testBrowserPanelHostPrefersNativeHostedInspectorSiblingDividerHit	Test	
c11Tests/BrowserPanelTests.swift	1001	testBrowserTabHostClaimsCollapsedHostedInspectorSiblingDividerAtLeadingEdge	testBrowserPanelHostClaimsCollapsedHostedInspectorSiblingDividerAtLeadingEdge	Test	
c11Tests/BrowserPanelTests.swift	1053	testBrowserTabHostClaimsHostedInspectorDividerAcrossFullHeight	testBrowserPanelHostClaimsHostedInspectorDividerAcrossFullHeight	Test	
c11Tests/BrowserPanelTests.swift	1092	testBrowserTabHostFallsBackToManualHostedInspectorDragWhenNativeDividerHitIsUnavailable	testBrowserPanelHostFallsBackToManualHostedInspectorDragWhenNativeDividerHitIsUnavailable	Test	
c11Tests/BrowserPanelTests.swift	1143	testBrowserTabHostKeepsInspectorResizableAfterShrinkingToMinimumWidth	testBrowserPanelHostKeepsInspectorResizableAfterShrinkingToMinimumWidth	Test	
c11Tests/BrowserPanelTests.swift	1199	testBrowserTabHostPromotesVisibleRightDockedInspectorIntoManagedSideDock	testBrowserPanelHostPromotesVisibleRightDockedInspectorIntoManagedSideDock	Test	
c11Tests/BrowserPanelTests.swift	1250	testBrowserTabHostAllowsRightDockedInspectorToExpandLeftAfterPromotion	testBrowserPanelHostAllowsRightDockedInspectorToExpandLeftAfterPromotion	Test	
c11Tests/BrowserPanelTests.swift	1310	testBrowserTabHostKeepsAutomaticRightDockedWidthAboveMinimumWhileShrinking	testBrowserPanelHostKeepsAutomaticRightDockedWidthAboveMinimumWhileShrinking	Test	
c11Tests/BrowserPanelTests.swift	1359	testBrowserTabHostRequestsBottomDockWhenSideDockLeavesTooLittlePageWidth	testBrowserPanelHostRequestsBottomDockWhenSideDockLeavesTooLittlePageWidth	Test	
c11Tests/BrowserPanelTests.swift	1404	testBrowserTabManagedSideDockDoesNotAutoresizeDraggedFrames	testBrowserPanelManagedSideDockDoesNotAutoresizeDraggedFrames	Test	
c11Tests/BrowserPanelTests.swift	1483	testBrowserTabHostFallsBackToManualHostedInspectorDragForLeftDockedInspector	testBrowserPanelHostFallsBackToManualHostedInspectorDragForLeftDockedInspector	Test	
c11Tests/BrowserPanelTests.swift	1536	testBrowserTabHostReappliesStoredHostedInspectorWidthAfterLayoutReset	testBrowserPanelHostReappliesStoredHostedInspectorWidthAfterLayoutReset	Test	
c11Tests/CommandPaletteSearchEngineTests.swift	730	testSwitcherFingerprintTracksTabValuesAtSameCardinality	testSwitcherFingerprintTracksPanelValuesAtSameCardinality	Test	
c11Tests/ConversationRefTests.swift	61	testTabConversationsCodableEmitsHistoryArrayExplicitly	testPanelConversationsCodableEmitsHistoryArrayExplicitly	Test	
c11Tests/ConversationSnapshotBridgeTests.swift	98	testTabConversationsCodableEmitsHistoryAsArrayNotOmitted	testPanelConversationsCodableEmitsHistoryAsArrayNotOmitted	Test	
c11Tests/EventLogTests.swift	281	testTabInputPayloadRecordsNullCallerAndKeyAttribution	testPanelInputPayloadRecordsNullCallerAndKeyAttribution	Test	
c11Tests/EventLogTests.swift	331	testTabInputPayloadRecordsQueuedAndSubmitState	testPanelInputPayloadRecordsQueuedAndSubmitState	Test	
c11Tests/EventLogTests.swift	346	testTabInputPayloadTruncatesBodyAtUTF8Boundary	testPanelInputPayloadTruncatesBodyAtUTF8Boundary	Test	
c11Tests/GhosttyConfigTests.swift	1237	BrowserTabRemoteStoreTests	BrowserPanelRemoteStoreTests	Test	
c11Tests/GhosttyConfigTests.swift	1238	testRemoteWorkspaceTabsShareWorkspaceScopedWebsiteDataStore	testRemoteWorkspacePanelsShareWorkspaceScopedWebsiteDataStore	Test	
c11Tests/MailboxDrainTests.swift	166	testTabInboxIsTheLowercasedTabUUID	testPanelInboxIsTheLowercasedPanelUUID	Test	
c11Tests/MailboxDrainTests.swift	194	testTabInboxURLsFindsAMovedTabsInboxInAnotherWorkspace	testPanelInboxURLsFindsAMovedPanelsInboxInAnotherWorkspace	Test	
c11Tests/MailboxDrainTests.swift	210	testTabInboxScanIsReusedWithinItsInterval	testPanelInboxScanIsReusedWithinItsInterval	Test	
c11Tests/MailboxPanelResolverTests.swift	0	MailboxTabResolverTests	MailboxPanelResolverTests	Test	@path
c11Tests/MailboxPanelResolverTests.swift	9	MailboxTabResolverTests	MailboxPanelResolverTests	Test	
c11Tests/MailboxPanelResolverTests.swift	84	testTabNameReturnsTitle	testPanelNameReturnsTitle	Test	
c11Tests/MailboxPanelResolverTests.swift	90	testTabNameReturnsNilWhenNoTitle	testPanelNameReturnsNilWhenNoTitle	Test	
c11Tests/MailboxPanelResolverTests.swift	98	testEnumeratesMailboxMetadataForTitledTabs	testEnumeratesMailboxMetadataForTitledPanels	Test	
c11Tests/MailboxPanelResolverTests.swift	146	testTabMetadataExposesAddressAndRole	testPanelMetadataExposesAddressAndRole	Test	
c11Tests/MailboxPanelResolverTests.swift	163	testTabMetadataAddressAndRoleNilWhenUnset	testPanelMetadataAddressAndRoleNilWhenUnset	Test	
c11Tests/MailboxPanelResolverTests.swift	171	testTabMetadataRoleDoesNotFallBackToCanonicalRole	testPanelMetadataRoleDoesNotFallBackToCanonicalRole	Test	
c11Tests/MailboxStdinBufferTests.swift	585	testAgentOwnsTerminalOnlyAsRawForegroundGroupOnTabTTY	testAgentOwnsTerminalOnlyAsRawForegroundGroupOnPanelTTY	Test	
c11Tests/MailboxStdinBufferTests.swift	607	testUnknownTabTTYFailsClosed	testUnknownPanelTTYFailsClosed	Test	
c11Tests/MarkdownPanelFontScaleTests.swift	0	MarkdownTabFontScaleTests	MarkdownPanelFontScaleTests	Test	@path
c11Tests/MarkdownPanelFontScaleTests.swift	10	MarkdownTabFontScaleTests	MarkdownPanelFontScaleTests	Test	
c11Tests/MarkdownPanelFontScaleTests.swift	69	testNewTabsInheritLastUsedScale	testNewPanelsInheritLastUsedScale	Test	
c11Tests/NotificationAndMenuBarTests.swift	997	testSuppressionIsScopedToExactWorkspaceAndTab	testSuppressionIsScopedToExactWorkspaceAndPanel	Test	
c11Tests/OmnibarAndToolsTests.swift	797	testGmQueryWithRemoteSuggestionsAndOpenTabPromotesAutocompletionMatch	testGmQueryWithRemoteSuggestionsAndOpenPanelPromotesAutocompletionMatch	Test	
c11Tests/PanelActivitySignalsTests.swift	0	TabActivitySignalsTests	PanelActivitySignalsTests	Test	@path
c11Tests/PanelActivitySignalsTests.swift	12	TabActivitySignalsTests	PanelActivitySignalsTests	Test	
c11Tests/PanelActivityTests.swift	0	TabActivityTests	PanelActivityTests	Test	@path
c11Tests/PanelActivityTests.swift	11	TabActivityTests	PanelActivityTests	Test	
c11Tests/PanelActivityTests.swift	51	testEmptyOrWhitespaceTabIdIgnored	testEmptyOrWhitespacePanelIdIgnored	Test	
c11Tests/PanelActivityTests.swift	71	testClearWipesTabOnly	testClearWipesPanelOnly	Test	
c11Tests/PanelIdentityRestoreTests.swift	0	TabIdentityRestoreTests	PanelIdentityRestoreTests	Test	@path
c11Tests/PanelIdentityRestoreTests.swift	16	TabIdentityRestoreTests	PanelIdentityRestoreTests	Test	
c11Tests/PanelIdentityRestoreTests.swift	69	testTerminalTabIdIsStableAcrossRoundTrip	testTerminalPanelIdIsStableAcrossRoundTrip	Test	
c11Tests/PanelIdentityRestoreTests.swift	90	testMarkdownTabIdIsStableAcrossRoundTrip	testMarkdownPanelIdIsStableAcrossRoundTrip	Test	
c11Tests/PanelIdentityRestoreTests.swift	121	testBrowserTabIdIsStableAcrossRoundTrip	testBrowserPanelIdIsStableAcrossRoundTrip	Test	
c11Tests/PanelIdentityRestoreTests.swift	144	testMixedTabTypesAllSurviveRoundTripWithSameIds	testMixedPanelTypesAllSurviveRoundTripWithSameIds	Test	
c11Tests/PanelLayoutSettingsTests.swift	0	TabLayoutSettingsTests	PanelLayoutSettingsTests	Test	@path
c11Tests/PanelLayoutSettingsTests.swift	11	TabLayoutSettingsTests	PanelLayoutSettingsTests	Test	
c11Tests/PanelLifecycleTests.swift	0	TabLifecycleTests	PanelLifecycleTests	Test	@path
c11Tests/PanelLifecycleTests.swift	33	TabLifecycleTests	PanelLifecycleTests	Test	
c11Tests/PanelLifecycleTests.swift	263	testBrowserTabPendingHibernateSkipsInitialLoad	testBrowserPanelPendingHibernateSkipsInitialLoad	Test	
c11Tests/PanelLifecycleTests.swift	310	testBrowserTabDefaultConstructionStillFiresInitialLoad	testBrowserPanelDefaultConstructionStillFiresInitialLoad	Test	
c11Tests/PanelLivenessDeriverTests.swift	0	TabLivenessDeriverTests	PanelLivenessDeriverTests	Test	@path
c11Tests/PanelLivenessDeriverTests.swift	18	TabLivenessDeriverTests	PanelLivenessDeriverTests	Test	
c11Tests/PanelLivenessDeriverTests.swift	90	testTabResolverMapsRecognizedAgentStates	testPanelResolverMapsRecognizedAgentStates	Test	
c11Tests/PanelLivenessDeriverTests.swift	126	testTabResolverGivesExactDemandPrecedence	testPanelResolverGivesExactDemandPrecedence	Test	
c11Tests/PanelLivenessDeriverTests.swift	139	testTabResolverDoesNotManufactureWaitingFromWorkspaceOrManualUnread	testPanelResolverDoesNotManufactureWaitingFromWorkspaceOrManualUnread	Test	
c11Tests/PanelLivenessDeriverTests.swift	158	testTabResolverOmitsNonAgentActivity	testPanelResolverOmitsNonAgentActivity	Test	
c11Tests/PanelLivenessDeriverTests.swift	341	testTabActivityColorsMatchDarkAndLightContract	testPanelActivityColorsMatchDarkAndLightContract	Test	
c11Tests/PanelMetadataStoreValidationTests.swift	0	TabMetadataStoreValidationTests	PanelMetadataStoreValidationTests	Test	@path
c11Tests/PanelMetadataStoreValidationTests.swift	18	TabMetadataStoreValidationTests	PanelMetadataStoreValidationTests	Test	
c11Tests/PanelMetadataStoreValidationTests.swift	339	TabIconColorMetadataTests	PanelIconColorMetadataTests	Test	
c11Tests/PanelOrdinalDisplayTests.swift	0	TabOrdinalDisplayTests	PanelOrdinalDisplayTests	Test	@path
c11Tests/PanelOrdinalDisplayTests.swift	14	TabOrdinalDisplayTests	PanelOrdinalDisplayTests	Test	
c11Tests/PanelRailTipCenterTests.swift	0	TabRailTipCenterTests	PanelRailTipCenterTests	Test	@path
c11Tests/PanelRailTipCenterTests.swift	31	TabRailTipCenterTests	PanelRailTipCenterTests	Test	
c11Tests/PanelRailTipPolicyTests.swift	0	TabRailTipPolicyTests	PanelRailTipPolicyTests	Test	@path
c11Tests/PanelRailTipPolicyTests.swift	10	TabRailTipPolicyTests	PanelRailTipPolicyTests	Test	
c11Tests/PanelSeenClockTests.swift	0	TabSeenClockTests	PanelSeenClockTests	Test	@path
c11Tests/PanelSeenClockTests.swift	12	TabSeenClockTests	PanelSeenClockTests	Test	
c11Tests/PanelSeenClockTests.swift	29	testStampedWhenTabSwitchedAway	testStampedWhenPanelSwitchedAway	Test	
c11Tests/PanelSeenClockTests.swift	89	testLastSeenAtRoundTripsThroughTabSnapshot	testLastSeenAtRoundTripsThroughPanelSnapshot	Test	
c11Tests/PanelSheetDetailBuilderTests.swift	0	TabSheetDetailBuilderTests	PanelSheetDetailBuilderTests	Test	@path
c11Tests/PanelSheetDetailBuilderTests.swift	12	TabSheetDetailBuilderTests	PanelSheetDetailBuilderTests	Test	
c11Tests/PanelSheetDetailBuilderTests.swift	84	testTypeLabelNamesTheTabKind	testTypeLabelNamesThePanelKind	Test	
c11Tests/PanelTitleBarRenderTests.swift	0	TabTitleBarRenderTests	PanelTitleBarRenderTests	Test	@path
c11Tests/PanelTitleBarRenderTests.swift	17	TabTitleBarRenderTests	PanelTitleBarRenderTests	Test	
c11Tests/PanelTypeAvailabilityTests.swift	0	TabTypeAvailabilityTests	PanelTypeAvailabilityTests	Test	@path
c11Tests/PanelTypeAvailabilityTests.swift	12	TabTypeAvailabilityTests	PanelTypeAvailabilityTests	Test	
c11Tests/SessionPersistenceTests.swift	110	testWorkspaceSessionSnapshotRestoresMarkdownTab	testWorkspaceSessionSnapshotRestoresMarkdownPanel	Test	
c11Tests/SessionPersistenceTests.swift	492	testSessionTabSnapshotCustomColorRoundTrip	testSessionPanelSnapshotCustomColorRoundTrip	Test	
c11Tests/SessionPersistenceTests.swift	523	testSessionTabSnapshotCustomColorOmittedWhenNil	testSessionPanelSnapshotCustomColorOmittedWhenNil	Test	
c11Tests/SessionPersistenceTests.swift	554	testSessionTabSnapshotDecodesLegacyJSONWithoutCustomColor	testSessionPanelSnapshotDecodesLegacyJSONWithoutCustomColor	Test	
c11Tests/SessionPersistenceTests.swift	583	testSessionTabSnapshotLastActivityAtRoundTrip	testSessionPanelSnapshotLastActivityAtRoundTrip	Test	
c11Tests/SessionPersistenceTests.swift	605	testSessionTabSnapshotDecodesLegacyJSONWithoutLastActivity	testSessionPanelSnapshotDecodesLegacyJSONWithoutLastActivity	Test	
c11Tests/SessionPersistenceTests.swift	622	testSessionTabSnapshotLogicalCreationRoundTrip	testSessionPanelSnapshotLogicalCreationRoundTrip	Test	
c11Tests/SessionPersistenceTests.swift	649	testSessionTabSnapshotLegacyCreationIsNotInvented	testSessionPanelSnapshotLegacyCreationIsNotInvented	Test	
c11Tests/SessionPersistenceTests.swift	867	testSessionBrowserTabSnapshotHistoryRoundTrip	testSessionBrowserPanelSnapshotHistoryRoundTrip	Test	
c11Tests/SessionPersistenceTests.swift	916	testSessionBrowserTabSnapshotHistoryDecodesWhenKeysAreMissing	testSessionBrowserPanelSnapshotHistoryDecodesWhenKeysAreMissing	Test	
c11Tests/ShortcutAndCommandPaletteTests.swift	769	LastTabCloseShortcutSettingsTests	LastPanelCloseShortcutSettingsTests	Test	
c11Tests/SidebarOrderingTests.swift	226	testOrderedUniquePullRequestsFollowsTabOrderAcrossSplitsAndTabs	testOrderedUniquePullRequestsFollowsPanelOrderAcrossSplitsAndPanels	Test	
c11Tests/SidebarOrderingTests.swift	368	testUpdateTabPullRequestPreservesExistingChecksWhenUpdateOmitsThem	testUpdatePanelPullRequestPreservesExistingChecksWhenUpdateOmitsThem	Test	
c11Tests/SidebarOrderingTests.swift	395	testOrderedUniquePullRequestsUsesFallbackWhenNoTabPullRequestsExist	testOrderedUniquePullRequestsUsesFallbackWhenNoPanelPullRequestsExist	Test	
c11Tests/SidebarOrderingTests.swift	412	testUpdateTabGitBranchClearsFocusedPullRequestWhenBranchChanges	testUpdatePanelGitBranchClearsFocusedPullRequestWhenBranchChanges	Test	
c11Tests/SocketPanelRefRejectionWiringTests.swift	0	SocketTabRefRejectionWiringTests	SocketPanelRefRejectionWiringTests	Test	@path
c11Tests/SocketPanelRefRejectionWiringTests.swift	22	SocketTabRefRejectionWiringTests	SocketPanelRefRejectionWiringTests	Test	
c11Tests/SocketPanelRefValidatorTests.swift	0	SocketTabRefValidatorTests	SocketPanelRefValidatorTests	Test	@path
c11Tests/SocketPanelRefValidatorTests.swift	12	SocketTabRefValidatorTests	SocketPanelRefValidatorTests	Test	
c11Tests/WindowAndDragTests.swift	455	InternalTabDragConfigurationTests	InternalPanelDragConfigurationTests	Test	
c11Tests/WindowAndDragTests.swift	456	testDisablesExternalOperationsForInternalTabDrags	testDisablesExternalOperationsForInternalPanelDrags	Test	
c11Tests/WindowAndDragTests.swift	489	InternalTabDragBundleDeclarationTests	InternalPanelDragBundleDeclarationTests	Test	
c11Tests/WindowAndDragTests.swift	1073	MarkdownTabPointerObserverViewTests	MarkdownPanelPointerObserverViewTests	Test	
c11Tests/WorkspaceApplyPlanCodableTests.swift	78	testTabSpecTerminalRoundTrips	testPanelSpecTerminalRoundTrips	Test	
c11Tests/WorkspaceApplyPlanCodableTests.swift	100	testTabSpecBrowserRoundTrips	testPanelSpecBrowserRoundTrips	Test	
c11Tests/WorkspaceApplyPlanCodableTests.swift	110	testTabSpecCompanionFieldsRoundTrip	testPanelSpecCompanionFieldsRoundTrip	Test	
c11Tests/WorkspaceApplyPlanCodableTests.swift	125	testTabSpecDecodesPrefeatureShapeWithoutCompanionFields	testPanelSpecDecodesPrefeatureShapeWithoutCompanionFields	Test	
c11Tests/WorkspaceApplyPlanCodableTests.swift	133	testTabSpecMarkdownRoundTrips	testPanelSpecMarkdownRoundTrips	Test	
c11Tests/WorkspaceApplyPlanCodableTests.swift	143	testTabSpecPreservesMailboxStarKeysVerbatim	testPanelSpecPreservesMailboxStarKeysVerbatim	Test	
c11Tests/WorkspaceApplyPlanCodableTests.swift	169	testTabSpecSubmitCommandRoundTrips	testPanelSpecSubmitCommandRoundTrips	Test	
c11Tests/WorkspaceApplyPlanCodableTests.swift	184	testTabSpecDecodesMissingSubmitCommandAsFalse	testPanelSpecDecodesMissingSubmitCommandAsFalse	Test	
c11Tests/WorkspaceApplyPlanCodableTests.swift	193	testTabSpecOmitsSubmitCommandWhenFalse	testPanelSpecOmitsSubmitCommandWhenFalse	Test	
c11Tests/WorkspaceConversationResumeTests.swift	726	testReadConversationsByTabIdSyncReturnsLiveData	testReadConversationsByPanelIdSyncReturnsLiveData	Test	
c11Tests/WorkspaceConversationResumeTests.swift	763	testReadConversationsByTabIdSyncEmptyStoreReturnsEmpty	testReadConversationsByPanelIdSyncEmptyStoreReturnsEmpty	Test	
c11Tests/WorkspaceDerivedActivityTests.swift	19	testSetDerivedActivityStoresPerTabState	testSetDerivedActivityStoresPerPanelState	Test	
c11Tests/WorkspaceDerivedActivityTests.swift	55	testSetDerivedActivityIsPerTabIndependent	testSetDerivedActivityIsPerPanelIndependent	Test	
c11Tests/WorkspaceFlashTests.swift	82	testCancelOnUnregisteredTabIsIdempotent	testCancelOnUnregisteredPanelIsIdempotent	Test	
c11Tests/WorkspaceFlashTests.swift	120	testTeardownAllTabsCancelsEveryPersistentFlash	testTeardownAllPanelsCancelsEveryPersistentFlash	Test	
c11Tests/WorkspaceManagerUnitTests.swift	740	testGenericCloseTabKeepsWorkspaceOpenWithoutExplicitCloseMarker	testGenericClosePanelKeepsWorkspaceOpenWithoutExplicitCloseMarker	Test	
c11Tests/WorkspacePullRequestSidebarTests.swift	28	testSidebarPullRequestsFilterBranchMismatchPerTab	testSidebarPullRequestsFilterBranchMismatchPerPanel	Test	
c11Tests/WorkspacePullRequestSidebarTests.swift	45	testSidebarPullRequestsPreferBestStateAcrossTabs	testSidebarPullRequestsPreferBestStateAcrossPanels	Test	
c11Tests/WorkspaceSnapshotBrowserMarkdownRoundTripTests.swift	41	testBrowserTabKindRoundTrips	testBrowserPanelKindRoundTrips	Test	
c11Tests/WorkspaceUnitTests.swift	844	testTeardownAllTabsClearsTabMetadataCaches	testTeardownAllPanelsClearsPanelMetadataCaches	Test	
c11Tests/WorkspaceUnitTests.swift	1362	testFallsBackToAnotherTerminalInPaneWhenSelectedTabIsBrowser	testFallsBackToAnotherTerminalInPaneWhenSelectedPanelIsBrowser	Test	
c11Tests/WorkspaceUnitTests.swift	1382	testPreferredTerminalTabWinsWhenProvided	testPreferredTerminalPanelWinsWhenProvided	Test	
c11Tests/WorkspaceUnitTests.swift	1477	testNewBrowserTabFailureDoesNotMutatePreferredProfile	testNewBrowserPanelFailureDoesNotMutatePreferredProfile	Test	
c11Tests/WorkspaceUnitTests.swift	1597	WorkspaceTabGitBranchTests	WorkspacePanelGitBranchTests	Test	
c11Tests/WorkspaceUnitTests.swift	1658	testDetachLastTabLeavesWorkspaceTemporarilyEmptyForMoveFlow	testDetachLastPanelLeavesWorkspaceTemporarilyEmptyForMoveFlow	Test	
c11Tests/WorkspaceUnitTests.swift	1733	testDetachAttachAcrossWorkspacesPreservesNonCustomTabTitle	testDetachAttachAcrossWorkspacesPreservesNonCustomPanelTitle	Test	
c11Tests/WorkspaceUnitTests.swift	1778	testDetachAttachAndRollbackPreserveTabActivityResolverInputs	testDetachAttachAndRollbackPreservePanelActivityResolverInputs	Test	
c11Tests/WorkspaceUnitTests.swift	1856	testRemovingTerminalTypeMetadataClearsAgentTabActivityState	testRemovingTerminalTypeMetadataClearsAgentPanelActivityState	Test	
c11Tests/WorkspaceUnitTests.swift	1933	testSessionRestoreRehydratesPersistedDerivedActivityBeforeTabSync	testSessionRestoreRehydratesPersistedDerivedActivityBeforePanelSync	Test	
c11Tests/WorkspaceUnitTests.swift	1968	testActivityMetadataMutationsRehydrateLiveTabProjection	testActivityMetadataMutationsRehydrateLivePanelProjection	Test	
c11Tests/WorkspaceUnitTests.swift	2273	testClosingFocusedSplitRestoresBranchForRemainingFocusedTab	testClosingFocusedSplitRestoresBranchForRemainingFocusedPanel	Test	
c11Tests/WorkspaceUnitTests.swift	2317	testSidebarPullRequestsIncludeBackgroundTabs	testSidebarPullRequestsIncludeBackgroundPanels	Test	
c11Tests/WorkspaceUnitTests.swift	2350	testSidebarOrderingUsesPaneOrderThenTabOrderWithBranchDeduping	testSidebarOrderingUsesPaneOrderThenPanelOrderWithBranchDeduping	Test	
c11Tests/WorkspaceUnitTests.swift	2382	testSidebarDerivedCollectionsMatchWhenUsingPrecomputedTabOrder	testSidebarDerivedCollectionsMatchWhenUsingPrecomputedPanelOrder	Test	
c11Tests/WorkspaceUnitTests.swift	2793	TabMetadataStoreTargetedReadTests	PanelMetadataStoreTargetedReadTests	Test	
c11Tests/WorkspaceUnitTests.swift	2851	testTargetedReadsOnUnknownTabAreEmpty	testTargetedReadsOnUnknownPanelAreEmpty	Test	
c11Tests/WorkspaceUnitTests.swift	2913	testSnapshotAndRestorePreserveCreationAcrossTabKinds	testSnapshotAndRestorePreserveCreationAcrossPanelKinds	Test	
c11Tests/WorkspaceUnitTests.swift	3102	WorkspaceTabCustomColorTests	WorkspacePanelCustomColorTests	Test	
c11Tests/WorkspaceUnitTests.swift	3103	testSetTabCustomColorNormalizesValidHex	testSetPanelCustomColorNormalizesValidHex	Test	
c11Tests/WorkspaceUnitTests.swift	3117	testSetTabCustomColorRejectsInvalidHexLeavesPriorValue	testSetPanelCustomColorRejectsInvalidHexLeavesPriorValue	Test	
c11Tests/WorkspaceUnitTests.swift	3137	testSetTabCustomColorClearsViaNilOrEmpty	testSetPanelCustomColorClearsViaNilOrEmpty	Test	
c11Tests/WorkspaceUnitTests.swift	3156	testSetTabCustomColorIgnoresUnknownTabId	testSetPanelCustomColorIgnoresUnknownPanelId	Test	
c11Tests/WorkspaceUnitTests.swift	3165	testTeardownClearsTabCustomColors	testTeardownClearsPanelCustomColors	Test	
c11Tests/WorkspaceUnitTests.swift	3206	testDetachAttachAcrossWorkspacesPreservesTabCustomColor	testDetachAttachAcrossWorkspacesPreservesPanelCustomColor	Test	
c11Tests/WorkspaceUnitTests.swift	3260	WorkspaceTabIconColorTests	WorkspacePanelIconColorTests	Test	
c11Tests/WorkspaceUnitTests.swift	3271	testTabColorMirrorsIntoColorMetadata	testPanelColorMirrorsIntoColorMetadata	Test	
c11Tests/WorkspaceUnitTests.swift	3286	testColorMetadataWriteDrivesTabColorAndKeepsWriterTier	testColorMetadataWriteDrivesPanelColorAndKeepsWriterTier	Test	
c11Tests/WorkspaceUnitTests.swift	3310	testIconMetadataDrivesTabBadgeAndBlankClears	testIconMetadataDrivesPanelBadgeAndBlankClears	Test	
