CLI/c11.swift	14625	PaneBox	AreaBox	T	
CLI/c11.swift	14635	PaneBox	AreaBox	T	
CLI/c11.swift	14656	PaneBox	AreaBox	T	
Sources/AppDelegate.swift	4967	PaneMetadataStore	AreaMetadataStore	T	
Sources/AppDelegate.swift	4967	removePane	removeArea	Muse	
Sources/AppDelegate.swift	5005	PaneMetadataStore	AreaMetadataStore	T	
Sources/AppDelegate.swift	5023	SessionPaneLayoutSnapshot	SessionAreaLayoutSnapshot	T	
Sources/BrowserWindowPortal.swift	1321	BrowserPortalPaneInteractionConfiguration	BrowserPortalAreaInteractionConfiguration	T	
Sources/BrowserWindowPortal.swift	1323	PaneInteractionRuntime	AreaInteractionRuntime	T	
Sources/BrowserWindowPortal.swift	1712	BrowserPaneDropContext	BrowserAreaDropContext	T	
Sources/BrowserWindowPortal.swift	1718	BrowserPaneDragTransfer	BrowserAreaDragTransfer	T	
Sources/BrowserWindowPortal.swift	1727	BrowserPaneDragTransfer	BrowserAreaDragTransfer	T	
Sources/BrowserWindowPortal.swift	1737	BrowserPaneDragTransfer	BrowserAreaDragTransfer	T	
Sources/BrowserWindowPortal.swift	1748	BrowserPaneDragTransfer	BrowserAreaDragTransfer	T	
Sources/BrowserWindowPortal.swift	1756	BrowserPaneSplitTarget	BrowserAreaSplitTarget	T	
Sources/BrowserWindowPortal.swift	1761	BrowserPaneDropAction	BrowserAreaDropAction	T	
Sources/BrowserWindowPortal.swift	1767	BrowserPaneSplitTarget	BrowserAreaSplitTarget	T	
Sources/BrowserWindowPortal.swift	1771	BrowserPaneDropRouting	BrowserAreaDropRouting	T	
Sources/BrowserWindowPortal.swift	1774	fullPaneSize	fullAreaSize	M	owner=BrowserPaneDropRouting; func fullPaneSize(for slotSize: CGSize, topChromeHeight: CGFloat) -> CGSize
Sources/BrowserWindowPortal.swift	1779	fullPaneSize	fullAreaSize	Muse	
Sources/BrowserWindowPortal.swift	1781	fullPaneSize	fullAreaSize	Muse	
Sources/BrowserWindowPortal.swift	1782	fullPaneSize	fullAreaSize	Muse	
Sources/BrowserWindowPortal.swift	1786	fullPaneSize	fullAreaSize	Muse	
Sources/BrowserWindowPortal.swift	1788	fullPaneSize	fullAreaSize	Muse	
Sources/BrowserWindowPortal.swift	1798	fullPaneSize	fullAreaSize	Muse	
Sources/BrowserWindowPortal.swift	1804	fullPaneSize	fullAreaSize	Muse	
Sources/BrowserWindowPortal.swift	1805	fullPaneSize	fullAreaSize	Muse	
Sources/BrowserWindowPortal.swift	1811	fullPaneSize	fullAreaSize	Muse	
Sources/BrowserWindowPortal.swift	1812	fullPaneSize	fullAreaSize	Muse	
Sources/BrowserWindowPortal.swift	1816	fullPaneSize	fullAreaSize	Muse	
Sources/BrowserWindowPortal.swift	1818	fullPaneSize	fullAreaSize	Muse	
Sources/BrowserWindowPortal.swift	1819	fullPaneSize	fullAreaSize	Muse	
Sources/BrowserWindowPortal.swift	1824	fullPaneSize	fullAreaSize	Muse	
Sources/BrowserWindowPortal.swift	1825	fullPaneSize	fullAreaSize	Muse	
Sources/BrowserWindowPortal.swift	1826	fullPaneSize	fullAreaSize	Muse	
Sources/BrowserWindowPortal.swift	1832	fullPaneSize	fullAreaSize	Muse	
Sources/BrowserWindowPortal.swift	1833	fullPaneSize	fullAreaSize	Muse	
Sources/BrowserWindowPortal.swift	1839	BrowserPaneDragTransfer	BrowserAreaDragTransfer	T	
Sources/BrowserWindowPortal.swift	1840	BrowserPaneDropContext	BrowserAreaDropContext	T	
Sources/BrowserWindowPortal.swift	1842	BrowserPaneDropAction	BrowserAreaDropAction	T	
Sources/BrowserWindowPortal.swift	1847	BrowserPaneSplitTarget	BrowserAreaSplitTarget	T	
Sources/BrowserWindowPortal.swift	1852	BrowserPaneSplitTarget	BrowserAreaSplitTarget	T	
Sources/BrowserWindowPortal.swift	1854	BrowserPaneSplitTarget	BrowserAreaSplitTarget	T	
Sources/BrowserWindowPortal.swift	1856	BrowserPaneSplitTarget	BrowserAreaSplitTarget	T	
Sources/BrowserWindowPortal.swift	1858	BrowserPaneSplitTarget	BrowserAreaSplitTarget	T	
Sources/BrowserWindowPortal.swift	1870	BrowserPaneDropTargetView	BrowserAreaDropTargetView	T	
Sources/BrowserWindowPortal.swift	1872	BrowserPaneDropContext	BrowserAreaDropContext	T	
Sources/BrowserWindowPortal.swift	1948	BrowserPaneDragTransfer	BrowserAreaDragTransfer	T	
Sources/BrowserWindowPortal.swift	1957	BrowserPaneDropRouting	BrowserAreaDropRouting	T	
Sources/BrowserWindowPortal.swift	1962	BrowserPaneDropRouting	BrowserAreaDropRouting	T	
Sources/BrowserWindowPortal.swift	2010	BrowserPaneDragTransfer	BrowserAreaDragTransfer	T	
Sources/BrowserWindowPortal.swift	2017	BrowserPaneDropRouting	BrowserAreaDropRouting	T	
Sources/BrowserWindowPortal.swift	2082	BrowserPaneDropTargetView	BrowserAreaDropTargetView	T	
Sources/BrowserWindowPortal.swift	2088	PaneInteractionOverlayHost	AreaInteractionOverlayHost	T	
Sources/BrowserWindowPortal.swift	2208	BrowserPaneDropContext	BrowserAreaDropContext	T	
Sources/BrowserWindowPortal.swift	2390	BrowserPortalPaneInteractionConfiguration	BrowserPortalAreaInteractionConfiguration	T	
Sources/BrowserWindowPortal.swift	2415	PaneInteractionOverlayHost	AreaInteractionOverlayHost	T	
Sources/BrowserWindowPortal.swift	2686	BrowserPaneDropRouting	BrowserAreaDropRouting	T	
Sources/BrowserWindowPortal.swift	2731	BrowserPaneDropContext	BrowserAreaDropContext	T	
Sources/BrowserWindowPortal.swift	2734	BrowserPortalPaneInteractionConfiguration	BrowserPortalAreaInteractionConfiguration	T	
Sources/BrowserWindowPortal.swift	3525	BrowserPaneDropContext	BrowserAreaDropContext	T	
Sources/BrowserWindowPortal.swift	3571	BrowserPortalPaneInteractionConfiguration	BrowserPortalAreaInteractionConfiguration	T	
Sources/BrowserWindowPortal.swift	4653	BrowserPaneDropContext	BrowserAreaDropContext	T	
Sources/BrowserWindowPortal.swift	4682	BrowserPortalPaneInteractionConfiguration	BrowserPortalAreaInteractionConfiguration	T	
Sources/ContentView.swift	8589	PaneSizePolicy	AreaSizePolicy	T	
Sources/ContentView.swift	13768	PaneInteractionFeatureFlag	AreaInteractionFeatureFlag	T	
Sources/ContentView.swift	13879	PaneInteractionFeatureFlag	AreaInteractionFeatureFlag	T	
Sources/GhosttyTerminalView.swift	7041	PaneInteractionOverlayHost	AreaInteractionOverlayHost	T	
Sources/GhosttyTerminalView.swift	7982	PaneInteractionRuntime	AreaInteractionRuntime	T	
Sources/GhosttyTerminalView.swift	7984	PaneInteractionOverlayHost	AreaInteractionOverlayHost	T	
Sources/GhosttyTerminalView.swift	9892	PaneInteractionRuntime	AreaInteractionRuntime	T	
Sources/PaneMetadataStore.swift	22	PaneMetadataStore	AreaMetadataStore	T	
Sources/PaneMetadataStore.swift	23	PaneMetadataStore	AreaMetadataStore	T	
Sources/PaneMetadataStore.swift	55	paneMetadataStoreRevision	areaMetadataStoreRevision	M	owner=PaneMetadataStore; private var paneMetadataStoreRevision: UInt64 = 0
Sources/PaneMetadataStore.swift	90	paneMetadataStoreRevision	areaMetadataStoreRevision	Muse	
Sources/PaneMetadataStore.swift	120	paneMetadataStoreRevision	areaMetadataStoreRevision	Muse	
Sources/PaneMetadataStore.swift	147	paneMetadataStoreRevision	areaMetadataStoreRevision	Muse	
Sources/PaneMetadataStore.swift	165	paneMetadataStoreRevision	areaMetadataStoreRevision	Muse	
Sources/PaneMetadataStore.swift	170	removePane	removeArea	M	owner=PaneMetadataStore; func removePane(workspaceId: UUID, paneId: UUID)
Sources/PaneMetadataStore.swift	228	PaneMetadataStore	AreaMetadataStore	T	
Sources/PaneMetadataStore.swift	234	paneMetadataStoreRevision	areaMetadataStoreRevision	Muse	
Sources/PaneMetadataStore.swift	315	PaneMetadataStore	AreaMetadataStore	T	
Sources/PaneMetadataStore.swift	324	paneMetadataStoreRevision	areaMetadataStoreRevision	Muse	
Sources/PaneSizePolicy.swift	20	PaneSizeMode	AreaSizeMode	T	
Sources/PaneSizePolicy.swift	32	PaneSizeMode	AreaSizeMode	T	
Sources/PaneSizePolicy.swift	34	PaneSizeMode	AreaSizeMode	T	
Sources/PaneSizePolicy.swift	37	PaneSizeMode	AreaSizeMode	T	
Sources/PaneSizePolicy.swift	42	PaneCellSize	AreaCellSize	T	
Sources/PaneSizePolicy.swift	58	PaneSizeStatus	AreaSizeStatus	T	
Sources/PaneSizePolicy.swift	64	PaneSizePolicy	AreaSizePolicy	T	
Sources/PaneSizePolicy.swift	68	PaneCellSize	AreaCellSize	T	
Sources/PaneSizePolicy.swift	69	PaneCellSize	AreaCellSize	T	
Sources/PaneSizePolicy.swift	71	PaneCellSize	AreaCellSize	T	
Sources/PaneSizePolicy.swift	72	PaneCellSize	AreaCellSize	T	
Sources/PaneSizePolicy.swift	89	PaneCellSize	AreaCellSize	T	
Sources/PaneSizePolicy.swift	100	PaneCellSize	AreaCellSize	T	
Sources/PaneSizePolicy.swift	124	PaneSizeStatus	AreaSizeStatus	T	
Sources/PaneSizePolicy.swift	153	PaneSizeStatus	AreaSizeStatus	T	
Sources/PaneSizePolicy.swift	172	PaneSizeMode	AreaSizeMode	T	
Sources/PaneSizePolicy.swift	271	PaneSizeSettings	AreaSizeSettings	T	
Sources/PaneSizePolicy.swift	276	PaneSizeMode	AreaSizeMode	T	
Sources/PaneSizePolicy.swift	278	PaneSizeMode	AreaSizeMode	T	
Sources/PaneSizePolicy.swift	281	PaneSizeMode	AreaSizeMode	T	
Sources/PaneSizePolicy.swift	283	PaneSizeMode	AreaSizeMode	T	
Sources/SessionPersistence.swift	416	SessionPaneLayoutSnapshot	SessionAreaLayoutSnapshot	T	
Sources/SessionPersistence.swift	455	SessionPaneLayoutSnapshot	SessionAreaLayoutSnapshot	T	
Sources/SessionPersistence.swift	469	SessionPaneLayoutSnapshot	SessionAreaLayoutSnapshot	T	
Sources/SocketHandlers/PaneHandlers.swift	302	V2PaneResizeCandidate	V2AreaResizeCandidate	T	
Sources/SocketHandlers/PaneHandlers.swift	303	V2PaneResizeTrace	V2AreaResizeTrace	T	
Sources/SocketHandlers/PaneHandlers.swift	312	V2PaneResizeTrace	V2AreaResizeTrace	T	
Sources/SocketHandlers/PaneHandlers.swift	335	V2PaneResizeCandidate	V2AreaResizeCandidate	T	
Sources/SocketHandlers/PaneHandlers.swift	338	paneInFirstChild	areaInFirstChild	Muse	
Sources/SocketHandlers/PaneHandlers.swift	344	V2PaneResizeTrace	V2AreaResizeTrace	T	
Sources/SocketHandlers/PaneHandlers.swift	355	V2PaneResizeDirection	V2AreaResizeDirection	T	
Sources/SocketHandlers/PaneHandlers.swift	377	V2PaneResizeCandidate	V2AreaResizeCandidate	T	
Sources/SocketHandlers/PaneHandlers.swift	398	paneInFirstChild	areaInFirstChild	Muse	
Sources/SocketHandlers/PaneHandlers.swift	398	requiresPaneInFirstChild	requiresAreaInFirstChild	Muse	
Sources/SocketHandlers/PaneHandlers.swift	725	PaneMetadataStore	AreaMetadataStore	T	
Sources/SocketHandlers/PaneHandlers.swift	762	PaneMetadataStore	AreaMetadataStore	T	
Sources/SocketHandlers/PaneHandlers.swift	837	PaneMetadataStore	AreaMetadataStore	T	
Sources/SocketHandlers/PaneHandlers.swift	868	PaneMetadataStore	AreaMetadataStore	T	
Sources/TabLivenessDeriver.swift	17	PaneSizePolicy	AreaSizePolicy	T	
Sources/TabLivenessDeriver.swift	45	PaneSizePolicy	AreaSizePolicy	T	
Sources/TabLivenessDeriver.swift	256	PaneSizePolicy	AreaSizePolicy	T	
Sources/Tabs/BrowserTab.swift	3402	NotificationPaneFlashSettings	NotificationAreaFlashSettings	T	
Sources/Tabs/BrowserTabView.swift	280	PaneInteractionRuntime	AreaInteractionRuntime	T	
Sources/Tabs/BrowserTabView.swift	527	PaneInteractionCardView	AreaInteractionCardView	T	
Sources/Tabs/BrowserTabView.swift	4481	PaneInteractionRuntime	AreaInteractionRuntime	T	
Sources/Tabs/BrowserTabView.swift	6216	BrowserPortalPaneInteractionConfiguration	BrowserPortalAreaInteractionConfiguration	T	
Sources/Tabs/BrowserTabView.swift	6216	activePaneInteraction	activeAreaInteraction	L	let activePaneInteraction: BrowserPortalPaneInteractionConfiguration? =             coordinator.desiredPortalVisibleInUI
Sources/Tabs/BrowserTabView.swift	6218	BrowserPortalPaneInteractionConfiguration	BrowserPortalAreaInteractionConfiguration	T	
Sources/Tabs/BrowserTabView.swift	6293	activePaneInteraction	activeAreaInteraction	L	let activePaneInteraction: BrowserPortalPaneInteractionConfiguration? =             coordinator.desiredPortalVisibleInUI
Sources/Tabs/BrowserTabView.swift	6326	activePaneInteraction	activeAreaInteraction	L	let activePaneInteraction: BrowserPortalPaneInteractionConfiguration? =             coordinator.desiredPortalVisibleInUI
Sources/Tabs/BrowserTabView.swift	6367	activePaneInteraction	activeAreaInteraction	L	let activePaneInteraction: BrowserPortalPaneInteractionConfiguration? =             coordinator.desiredPortalVisibleInUI
Sources/Tabs/BrowserTabView.swift	6399	activePaneInteraction	activeAreaInteraction	L	let activePaneInteraction: BrowserPortalPaneInteractionConfiguration? =             coordinator.desiredPortalVisibleInUI
Sources/Tabs/BrowserTabView.swift	6576	BrowserPaneDropContext	BrowserAreaDropContext	T	
Sources/Tabs/BrowserTabView.swift	6583	BrowserPaneDropContext	BrowserAreaDropContext	T	
Sources/Tabs/MarkdownTab.swift	208	NotificationPaneFlashSettings	NotificationAreaFlashSettings	T	
Sources/Tabs/MarkdownTabView.swift	14	PaneInteractionRuntime	AreaInteractionRuntime	T	
Sources/Tabs/MarkdownTabView.swift	63	PaneInteractionCardView	AreaInteractionCardView	T	
Sources/Tabs/PaneCloseOverlayController.swift	13	PaneCloseOverlayController	AreaCloseOverlayController	T	
Sources/Tabs/PaneCloseOverlayController.swift	14	PaneInteractionRuntime	AreaInteractionRuntime	T	
Sources/Tabs/PaneCloseOverlayController.swift	16	PaneInteractionOverlayHost	AreaInteractionOverlayHost	T	
Sources/Tabs/PaneCloseOverlayController.swift	25	PaneInteractionOverlayHostView	AreaInteractionOverlayHostView	T	
Sources/Tabs/PaneCloseOverlayController.swift	32	PaneInteractionRuntime	AreaInteractionRuntime	T	
Sources/Tabs/PaneCloseOverlayController.swift	67	PaneInteractionOverlayHostView	AreaInteractionOverlayHostView	T	
Sources/Tabs/PaneCloseOverlayController.swift	113	PaneInteractionOverlayHost	AreaInteractionOverlayHost	T	
Sources/Tabs/PaneCloseOverlayController.swift	117	PaneInteractionOverlayHost	AreaInteractionOverlayHost	T	
Sources/Tabs/PaneInteraction.swift	13	PaneInteraction	AreaInteraction	T	
Sources/Tabs/PaneInteraction.swift	182	PaneInteractionFeatureFlag	AreaInteractionFeatureFlag	T	
Sources/Tabs/PaneInteraction.swift	213	PaneInteractionRuntime	AreaInteractionRuntime	T	
Sources/Tabs/PaneInteraction.swift	214	PaneInteraction	AreaInteraction	T	
Sources/Tabs/PaneInteraction.swift	215	PaneInteraction	AreaInteraction	T	
Sources/Tabs/PaneInteraction.swift	242	PaneInteraction	AreaInteraction	T	
Sources/Tabs/PaneInteraction.swift	268	PaneInteractionRuntime	AreaInteractionRuntime	T	
Sources/Tabs/PaneInteraction.swift	575	PaneInteraction	AreaInteraction	T	
Sources/Tabs/PaneInteraction.swift	601	PaneInteraction	AreaInteraction	T	
Sources/Tabs/PaneInteractionCardView.swift	10	PaneInteractionCardView	AreaInteractionCardView	T	
Sources/Tabs/PaneInteractionCardView.swift	12	PaneInteraction	AreaInteraction	T	
Sources/Tabs/PaneInteractionCardView.swift	13	PaneInteractionRuntime	AreaInteractionRuntime	T	
Sources/Tabs/PaneInteractionCardView.swift	47	PaneInteractionRuntime	AreaInteractionRuntime	T	
Sources/Tabs/PaneInteractionCardView.swift	239	PaneInteractionRuntime	AreaInteractionRuntime	T	
Sources/Tabs/PaneInteractionOverlayHost.swift	21	PaneInteractionOverlayHost	AreaInteractionOverlayHost	T	
Sources/Tabs/PaneInteractionOverlayHost.swift	24	PaneInteractionRuntime	AreaInteractionRuntime	T	
Sources/Tabs/PaneInteractionOverlayHost.swift	25	PaneInteractionCardView	AreaInteractionCardView	T	
Sources/Tabs/PaneInteractionOverlayHost.swift	36	PaneInteractionRuntime	AreaInteractionRuntime	T	
Sources/Tabs/PaneInteractionOverlayHost.swift	113	PaneInteraction	AreaInteraction	T	
Sources/Tabs/PaneInteractionOverlayHost.swift	115	PaneInteractionCardView	AreaInteractionCardView	T	
Sources/Tabs/PaneInteractionOverlayHostView.swift	17	PaneInteractionOverlayHostView	AreaInteractionOverlayHostView	T	
Sources/Tabs/PaneInteractionOverlayHostView.swift	19	PaneCloseOverlayController	AreaCloseOverlayController	T	
Sources/Tabs/PaneInteractionOverlayHostView.swift	32	PaneCloseOverlayController	AreaCloseOverlayController	T	
Sources/Tabs/PaneInteractionOverlayHostView.swift	63	PaneCloseOverlayController	AreaCloseOverlayController	T	
Sources/Tabs/TerminalTab.swift	303	NotificationPaneFlashSettings	NotificationAreaFlashSettings	T	
Sources/Tabs/TerminalTab.swift	308	NotificationPaneFlashSettings	NotificationAreaFlashSettings	T	
Sources/Tabs/TerminalTab.swift	313	NotificationPaneFlashSettings	NotificationAreaFlashSettings	T	
Sources/Tabs/TerminalTabView.swift	8	PaneInteractionRuntime	AreaInteractionRuntime	T	
Sources/Tabs/TerminalTabView.swift	10	NotificationPaneRingSettings	NotificationAreaRingSettings	T	
Sources/Tabs/TerminalTabView.swift	11	NotificationPaneRingSettings	NotificationAreaRingSettings	T	
Sources/TerminalController.swift	3114	PaneSizePolicy	AreaSizePolicy	T	
Sources/TerminalController.swift	3123	PaneSizePolicy	AreaSizePolicy	T	
Sources/TerminalController.swift	3778	V2PaneResizeDirection	V2AreaResizeDirection	T	
Sources/TerminalController.swift	3795	requiresPaneInFirstChild	requiresAreaInFirstChild	M	owner=V2PaneResizeDirection; var requiresPaneInFirstChild: Bool {
Sources/TerminalController.swift	3806	requiresPaneInFirstChild	requiresAreaInFirstChild	Muse	
Sources/TerminalController.swift	3810	V2PaneResizeCandidate	V2AreaResizeCandidate	T	
Sources/TerminalController.swift	3813	paneInFirstChild	areaInFirstChild	M	owner=V2PaneResizeCandidate; let paneInFirstChild: Bool
Sources/TerminalController.swift	3818	V2PaneResizeTrace	V2AreaResizeTrace	T	
Sources/TerminalNotificationStore.swift	534	NotificationPaneRingSettings	NotificationAreaRingSettings	T	
Sources/TerminalNotificationStore.swift	539	NotificationPaneFlashSettings	NotificationAreaFlashSettings	T	
Sources/Workspace.swift	112	SessionPaneRestoreEntry	SessionAreaRestoreEntry	T	
Sources/Workspace.swift	114	SessionPaneLayoutSnapshot	SessionAreaLayoutSnapshot	T	
Sources/Workspace.swift	294	restorePaneMetadataFromSnapshot	restoreAreaMetadataFromSnapshot	Muse	
Sources/Workspace.swift	711	SessionPaneLayoutSnapshot	SessionAreaLayoutSnapshot	T	
Sources/Workspace.swift	740	PaneMetadataStore	AreaMetadataStore	T	
Sources/Workspace.swift	979	SessionPaneRestoreEntry	SessionAreaRestoreEntry	T	
Sources/Workspace.swift	984	SessionPaneRestoreEntry	SessionAreaRestoreEntry	T	
Sources/Workspace.swift	992	SessionPaneRestoreEntry	SessionAreaRestoreEntry	T	
Sources/Workspace.swift	996	SessionPaneRestoreEntry	SessionAreaRestoreEntry	T	
Sources/Workspace.swift	1016	SessionPaneRestoreEntry	SessionAreaRestoreEntry	T	
Sources/Workspace.swift	1018	SessionPaneLayoutSnapshot	SessionAreaLayoutSnapshot	T	
Sources/Workspace.swift	1031	SessionPaneLayoutSnapshot	SessionAreaLayoutSnapshot	T	
Sources/Workspace.swift	5446	PaneInteractionRuntime	AreaInteractionRuntime	T	
Sources/Workspace.swift	5454	PaneInteractionRuntime	AreaInteractionRuntime	T	
Sources/Workspace.swift	5454	paneCloseInteractionRuntime	areaCloseInteractionRuntime	M	owner=Workspace; let paneCloseInteractionRuntime = PaneInteractionRuntime()
Sources/Workspace.swift	5460	PaneCloseOverlayController	AreaCloseOverlayController	T	
Sources/Workspace.swift	5460	paneCloseOverlayController	areaCloseOverlayController	M	owner=Workspace; lazy var paneCloseOverlayController = PaneCloseOverlayController(
Sources/Workspace.swift	5461	paneCloseInteractionRuntime	areaCloseInteractionRuntime	Muse	
Sources/Workspace.swift	6442	pendingPaneCloseTabIds	pendingAreaCloseTabIds	M	owner=Workspace; private var pendingPaneCloseTabIds: [UUID: [UUID]] = [:]
Sources/Workspace.swift	8007	restorePaneMetadataFromSnapshot	restoreAreaMetadataFromSnapshot	M	owner=Workspace; func restorePaneMetadataFromSnapshot(         leafEntries: [SessionPaneRestoreEntry]     )
Sources/Workspace.swift	8008	SessionPaneRestoreEntry	SessionAreaRestoreEntry	T	
Sources/Workspace.swift	8028	PaneMetadataStore	AreaMetadataStore	T	
Sources/Workspace.swift	8044	PaneMetadataStore	AreaMetadataStore	T	
Sources/Workspace.swift	8685	PaneSizePolicy	AreaSizePolicy	T	
Sources/Workspace.swift	8735	PaneSizePolicy	AreaSizePolicy	T	
Sources/Workspace.swift	8738	PaneSizePolicy	AreaSizePolicy	T	
Sources/Workspace.swift	8767	PaneSizePolicy	AreaSizePolicy	T	
Sources/Workspace.swift	8769	PaneCellSize	AreaCellSize	T	
Sources/Workspace.swift	8770	PaneSizePolicy	AreaSizePolicy	T	
Sources/Workspace.swift	8780	PaneSizePolicy	AreaSizePolicy	T	
Sources/Workspace.swift	8781	PaneSizePolicy	AreaSizePolicy	T	
Sources/Workspace.swift	8789	PaneSizePolicy	AreaSizePolicy	T	
Sources/Workspace.swift	8793	PaneSizeSettings	AreaSizeSettings	T	
Sources/Workspace.swift	8800	PaneSizePolicy	AreaSizePolicy	T	
Sources/Workspace.swift	9346	paneCloseInteractionRuntime	areaCloseInteractionRuntime	Muse	
Sources/Workspace.swift	9347	paneCloseOverlayController	areaCloseOverlayController	Muse	
Sources/Workspace.swift	9443	browserPathToPane	browserPathToArea	Muse	
Sources/Workspace.swift	9526	BrowserPaneBranch	BrowserAreaBranch	T	
Sources/Workspace.swift	9531	BrowserPaneBreadcrumb	BrowserAreaBreadcrumb	T	
Sources/Workspace.swift	9533	BrowserPaneBranch	BrowserAreaBranch	T	
Sources/Workspace.swift	9536	BrowserPaneBreadcrumb	BrowserAreaBreadcrumb	T	
Sources/Workspace.swift	9536	browserPathToPane	browserPathToArea	M	owner=Workspace; func browserPathToPane(targetPaneId: String, node: ExternalTreeNode) -> [BrowserPaneBreadcrumb]?
Sources/Workspace.swift	9541	browserPathToPane	browserPathToArea	Muse	
Sources/Workspace.swift	9542	BrowserPaneBreadcrumb	BrowserAreaBreadcrumb	T	
Sources/Workspace.swift	9545	browserPathToPane	browserPathToArea	Muse	
Sources/Workspace.swift	9546	BrowserPaneBreadcrumb	BrowserAreaBreadcrumb	T	
Sources/Workspace.swift	10373	NotificationPaneFlashSettings	NotificationAreaFlashSettings	T	
Sources/Workspace.swift	11293	PaneInteractionFeatureFlag	AreaInteractionFeatureFlag	T	
Sources/Workspace.swift	11526	PaneInteractionFeatureFlag	AreaInteractionFeatureFlag	T	
Sources/Workspace.swift	12397	paneCloseInteractionRuntime	areaCloseInteractionRuntime	Muse	
Sources/Workspace.swift	12403	paneCloseOverlayController	areaCloseOverlayController	Muse	
Sources/Workspace.swift	12411	paneCloseOverlayController	areaCloseOverlayController	Muse	
Sources/Workspace.swift	12413	pendingPaneCloseTabIds	pendingAreaCloseTabIds	Muse	
Sources/Workspace.swift	12483	pendingPaneCloseTabIds	pendingAreaCloseTabIds	Muse	
Sources/Workspace.swift	12487	pendingPaneCloseTabIds	pendingAreaCloseTabIds	Muse	
Sources/Workspace.swift	13223	paneCloseInteractionRuntime	areaCloseInteractionRuntime	Muse	
Sources/WorkspaceApplyPlan.swift	182	PaneSpec	AreaSpec	T	
Sources/WorkspaceApplyPlan.swift	192	PaneSpec	AreaSpec	T	
Sources/WorkspaceApplyPlan.swift	216	PaneSpec	AreaSpec	T	
Sources/WorkspaceBlueprintMarkdown.swift	404	PaneSpec	AreaSpec	T	
Sources/WorkspaceBlueprintMarkdown.swift	413	PaneSpec	AreaSpec	T	
Sources/WorkspaceBlueprintMarkdown.swift	549	PaneSpec	AreaSpec	T	
Sources/WorkspaceBlueprintMarkdown.swift	549	pane	area	L	pane: LayoutTreeSpec.PaneSpec
Sources/WorkspaceBlueprintMarkdown.swift	556	pane	area	L	pane: LayoutTreeSpec.PaneSpec
Sources/WorkspaceBlueprintMarkdown.swift	570	pane	area	L	pane: LayoutTreeSpec.PaneSpec
Sources/WorkspaceContentView.swift	145	PaneInteractionOverlayHostView	AreaInteractionOverlayHostView	T	
Sources/WorkspaceContentView.swift	147	paneCloseOverlayController	areaCloseOverlayController	Muse	
Sources/WorkspaceLayoutExecutor.swift	755	PaneSpec	AreaSpec	T	
Sources/WorkspaceLayoutExecutor.swift	755	paneSpec	areaSpec	L	paneSpec: LayoutTreeSpec.PaneSpec
Sources/WorkspaceLayoutExecutor.swift	759	paneSpec	areaSpec	L	paneSpec: LayoutTreeSpec.PaneSpec
Sources/WorkspaceLayoutExecutor.swift	825	paneSpec	areaSpec	L	paneSpec: LayoutTreeSpec.PaneSpec
Sources/WorkspaceLayoutExecutor.swift	850	paneSpec	areaSpec	L	paneSpec: LayoutTreeSpec.PaneSpec
Sources/WorkspaceLayoutExecutor.swift	852	paneSpec	areaSpec	L	paneSpec: LayoutTreeSpec.PaneSpec
Sources/WorkspaceLayoutExecutor.swift	853	paneSpec	areaSpec	L	paneSpec: LayoutTreeSpec.PaneSpec
Sources/WorkspaceLayoutExecutor.swift	1117	PaneMetadataStore	AreaMetadataStore	T	
Sources/WorkspaceManager.swift	2709	closeOtherTabsInFocusedPanePlan	closeOtherTabsInFocusedAreaPlan	Muse	
Sources/WorkspaceManager.swift	2713	closeOtherTabsInFocusedPanePlan	closeOtherTabsInFocusedAreaPlan	Muse	
Sources/WorkspaceManager.swift	2841	CloseOtherTabsInFocusedPanePlan	CloseOtherTabsInFocusedAreaPlan	T	
Sources/WorkspaceManager.swift	2853	CloseOtherTabsInFocusedPanePlan	CloseOtherTabsInFocusedAreaPlan	T	
Sources/WorkspaceManager.swift	2853	closeOtherTabsInFocusedPanePlan	closeOtherTabsInFocusedAreaPlan	M	owner=WorkspaceManager; func closeOtherTabsInFocusedPanePlan() -> CloseOtherTabsInFocusedPanePlan?
Sources/WorkspaceManager.swift	2877	CloseOtherTabsInFocusedPanePlan	CloseOtherTabsInFocusedAreaPlan	T	
Sources/WorkspaceManager.swift	3089	PaneInteractionFeatureFlag	AreaInteractionFeatureFlag	T	
Sources/WorkspaceManager.swift	5575	PaneMetadataStore	AreaMetadataStore	T	
Sources/WorkspacePlanCapture.swift	132	PaneSpec	AreaSpec	T	
Sources/WorkspacePlanCapture.swift	210	PaneSpec	AreaSpec	T	
Sources/WorkspacePlanCapture.swift	294	PaneMetadataStore	AreaMetadataStore	T	
Sources/c11App.swift	4460	NotificationPaneRingSettings	NotificationAreaRingSettings	T	
Sources/c11App.swift	4461	NotificationPaneFlashSettings	NotificationAreaFlashSettings	T	
Sources/c11App.swift	6592	NotificationPaneRingSettings	NotificationAreaRingSettings	T	
Sources/c11App.swift	6593	NotificationPaneFlashSettings	NotificationAreaFlashSettings	T	
c11Tests/BrowserCompanionPortalTests.swift	277	BrowserPortalPaneInteractionConfiguration	BrowserPortalAreaInteractionConfiguration	T	
c11Tests/BrowserCompanionPortalTests.swift	279	PaneInteractionRuntime	AreaInteractionRuntime	T	
c11Tests/BrowserCompanionPortalTests.swift	292	PaneInteractionOverlayHost	AreaInteractionOverlayHost	T	
c11Tests/BrowserConfigTests.swift	2108	PaneInteractionRuntime	AreaInteractionRuntime	T	
c11Tests/BrowserConfigTests.swift	2152	PaneInteractionRuntime	AreaInteractionRuntime	T	
c11Tests/BrowserConfigTests.swift	2215	PaneInteractionRuntime	AreaInteractionRuntime	T	
c11Tests/BrowserConfigTests.swift	2300	PaneInteractionRuntime	AreaInteractionRuntime	T	
c11Tests/BrowserPanelTests.swift	1673	BrowserPaneDropRouting	BrowserAreaDropRouting	T	
c11Tests/BrowserPanelTests.swift	1677	BrowserPaneDropRouting	BrowserAreaDropRouting	T	
c11Tests/BrowserPanelTests.swift	1686	BrowserPaneDropRouting	BrowserAreaDropRouting	T	
c11Tests/BrowserPanelTests.swift	1694	BrowserPaneDropRouting	BrowserAreaDropRouting	T	
c11Tests/BrowserPanelTests.swift	1705	BrowserPaneDropTargetView	BrowserAreaDropTargetView	T	
c11Tests/BrowserPanelTests.swift	1711	BrowserPaneDropTargetView	BrowserAreaDropTargetView	T	
c11Tests/BrowserPanelTests.swift	1717	BrowserPaneDropTargetView	BrowserAreaDropTargetView	T	
c11Tests/BrowserPanelTests.swift	1726	BrowserPaneDropContext	BrowserAreaDropContext	T	
c11Tests/BrowserPanelTests.swift	1731	BrowserPaneDragTransfer	BrowserAreaDragTransfer	T	
c11Tests/BrowserPanelTests.swift	1738	BrowserPaneDropRouting	BrowserAreaDropRouting	T	
c11Tests/BrowserPanelTests.swift	1745	BrowserPaneDropContext	BrowserAreaDropContext	T	
c11Tests/BrowserPanelTests.swift	1751	BrowserPaneDragTransfer	BrowserAreaDragTransfer	T	
c11Tests/BrowserPanelTests.swift	1758	BrowserPaneDropRouting	BrowserAreaDropRouting	T	
c11Tests/BrowserPanelTests.swift	1763	BrowserPaneSplitTarget	BrowserAreaSplitTarget	T	
c11Tests/BrowserPanelTests.swift	1779	BrowserPaneDragTransfer	BrowserAreaDragTransfer	T	
c11Tests/NotificationAndMenuBarTests.swift	80	NotificationPaneFlashSettings	NotificationAreaFlashSettings	T	
c11Tests/NotificationAndMenuBarTests.swift	82	NotificationPaneFlashSettings	NotificationAreaFlashSettings	T	
c11Tests/NotificationAndMenuBarTests.swift	83	NotificationPaneFlashSettings	NotificationAreaFlashSettings	T	
c11Tests/NotificationAndMenuBarTests.swift	85	NotificationPaneFlashSettings	NotificationAreaFlashSettings	T	
c11Tests/NotificationAndMenuBarTests.swift	86	NotificationPaneFlashSettings	NotificationAreaFlashSettings	T	
c11Tests/PaneInteractionRuntimeTests.swift	15	PaneInteractionRuntime	AreaInteractionRuntime	T	
c11Tests/PaneInteractionRuntimeTests.swift	30	PaneInteractionRuntime	AreaInteractionRuntime	T	
c11Tests/PaneInteractionRuntimeTests.swift	53	PaneInteractionRuntime	AreaInteractionRuntime	T	
c11Tests/PaneInteractionRuntimeTests.swift	75	PaneInteractionRuntime	AreaInteractionRuntime	T	
c11Tests/PaneInteractionRuntimeTests.swift	87	PaneInteractionRuntime	AreaInteractionRuntime	T	
c11Tests/PaneInteractionRuntimeTests.swift	109	PaneInteractionRuntime	AreaInteractionRuntime	T	
c11Tests/PaneInteractionRuntimeTests.swift	123	PaneInteractionRuntime	AreaInteractionRuntime	T	
c11Tests/PaneInteractionRuntimeTests.swift	150	PaneInteractionRuntime	AreaInteractionRuntime	T	
c11Tests/PaneInteractionRuntimeTests.swift	186	PaneInteractionRuntime	AreaInteractionRuntime	T	
c11Tests/PaneInteractionRuntimeTests.swift	210	PaneInteractionRuntime	AreaInteractionRuntime	T	
c11Tests/PaneInteractionRuntimeTests.swift	232	PaneInteractionRuntime	AreaInteractionRuntime	T	
c11Tests/PaneInteractionRuntimeTests.swift	241	PaneInteractionRuntime	AreaInteractionRuntime	T	
c11Tests/PaneInteractionRuntimeTests.swift	253	PaneInteractionRuntime	AreaInteractionRuntime	T	
c11Tests/PaneInteractionRuntimeTests.swift	262	PaneInteractionRuntime	AreaInteractionRuntime	T	
c11Tests/PaneInteractionRuntimeTests.swift	274	PaneInteractionRuntime	AreaInteractionRuntime	T	
c11Tests/PaneInteractionRuntimeTests.swift	288	PaneInteractionRuntime	AreaInteractionRuntime	T	
c11Tests/PaneInteractionRuntimeTests.swift	305	PaneInteractionRuntime	AreaInteractionRuntime	T	
c11Tests/PaneInteractionRuntimeTests.swift	328	PaneInteractionRuntime	AreaInteractionRuntime	T	
c11Tests/PaneInteractionRuntimeTests.swift	347	PaneInteractionRuntime	AreaInteractionRuntime	T	
c11Tests/PaneInteractionRuntimeTests.swift	372	PaneInteractionRuntime	AreaInteractionRuntime	T	
c11Tests/PaneInteractionRuntimeTests.swift	379	PaneInteractionRuntime	AreaInteractionRuntime	T	
c11Tests/PaneInteractionRuntimeTests.swift	397	PaneInteractionRuntime	AreaInteractionRuntime	T	
c11Tests/PaneInteractionRuntimeTests.swift	418	PaneInteractionRuntime	AreaInteractionRuntime	T	
c11Tests/PaneInteractionRuntimeTests.swift	429	PaneInteractionRuntime	AreaInteractionRuntime	T	
c11Tests/PaneInteractionRuntimeTests.swift	445	PaneInteractionRuntime	AreaInteractionRuntime	T	
c11Tests/PaneInteractionRuntimeTests.swift	457	PaneInteractionRuntime	AreaInteractionRuntime	T	
c11Tests/PaneInteractionRuntimeTests.swift	473	PaneInteractionRuntime	AreaInteractionRuntime	T	
c11Tests/PaneInteractionRuntimeTests.swift	493	PaneInteractionRuntime	AreaInteractionRuntime	T	
c11Tests/PaneInteractionRuntimeTests.swift	528	PaneInteractionRuntime	AreaInteractionRuntime	T	
c11Tests/PaneInteractionRuntimeTests.swift	551	PaneInteractionRuntime	AreaInteractionRuntime	T	
c11Tests/PaneMetadataPersistenceTests.swift	27	SessionPaneLayoutSnapshot	SessionAreaLayoutSnapshot	T	
c11Tests/PaneMetadataPersistenceTests.swift	50	SessionPaneLayoutSnapshot	SessionAreaLayoutSnapshot	T	
c11Tests/PaneMetadataPersistenceTests.swift	58	SessionPaneLayoutSnapshot	SessionAreaLayoutSnapshot	T	
c11Tests/PaneMetadataPersistenceTests.swift	67	SessionPaneLayoutSnapshot	SessionAreaLayoutSnapshot	T	
c11Tests/PaneMetadataPersistenceTests.swift	139	PaneMetadataStore	AreaMetadataStore	T	
c11Tests/PaneMetadataPersistenceTests.swift	159	PaneMetadataStore	AreaMetadataStore	T	
c11Tests/PaneMetadataPersistenceTests.swift	170	PaneMetadataStore	AreaMetadataStore	T	
c11Tests/PaneMetadataStoreTests.swift	15	PaneMetadataStore	AreaMetadataStore	T	
c11Tests/PaneMetadataStoreTests.swift	17	PaneMetadataStore	AreaMetadataStore	T	
c11Tests/PaneMetadataStoreTests.swift	183	PaneMetadataStore	AreaMetadataStore	T	
c11Tests/PaneMetadataStoreTests.swift	291	PaneMetadataStore	AreaMetadataStore	T	
c11Tests/PaneMetadataStoreTests.swift	313	PaneMetadataStore	AreaMetadataStore	T	
c11Tests/PaneMetadataStoreTests.swift	328	PaneMetadataStore	AreaMetadataStore	T	
c11Tests/PaneMetadataStoreTests.swift	354	removePane	removeArea	Muse	
c11Tests/PaneMetadataStoreTests.swift	362	PaneMetadataStore	AreaMetadataStore	T	
c11Tests/PaneMetadataStoreTests.swift	476	PaneMetadataStore	AreaMetadataStore	T	
c11Tests/PaneSizePolicyTests.swift	20	PaneSizePolicy	AreaSizePolicy	T	
c11Tests/PaneSizePolicyTests.swift	21	PaneSizePolicy	AreaSizePolicy	T	
c11Tests/PaneSizePolicyTests.swift	22	PaneSizePolicy	AreaSizePolicy	T	
c11Tests/PaneSizePolicyTests.swift	23	PaneSizePolicy	AreaSizePolicy	T	
c11Tests/PaneSizePolicyTests.swift	24	PaneSizePolicy	AreaSizePolicy	T	
c11Tests/PaneSizePolicyTests.swift	25	PaneSizePolicy	AreaSizePolicy	T	
c11Tests/PaneSizePolicyTests.swift	26	PaneSizePolicy	AreaSizePolicy	T	
c11Tests/PaneSizePolicyTests.swift	27	PaneSizePolicy	AreaSizePolicy	T	
c11Tests/PaneSizePolicyTests.swift	31	PaneSizePolicy	AreaSizePolicy	T	
c11Tests/PaneSizePolicyTests.swift	32	PaneSizePolicy	AreaSizePolicy	T	
c11Tests/PaneSizePolicyTests.swift	33	PaneSizePolicy	AreaSizePolicy	T	
c11Tests/PaneSizePolicyTests.swift	37	PaneCellSize	AreaCellSize	T	
c11Tests/PaneSizePolicyTests.swift	38	PaneSizePolicy	AreaSizePolicy	T	
c11Tests/PaneSizePolicyTests.swift	43	PaneSizePolicy	AreaSizePolicy	T	
c11Tests/PaneSizePolicyTests.swift	44	PaneSizePolicy	AreaSizePolicy	T	
c11Tests/PaneSizePolicyTests.swift	45	PaneSizePolicy	AreaSizePolicy	T	
c11Tests/PaneSizePolicyTests.swift	52	PaneSizePolicy	AreaSizePolicy	T	
c11Tests/PaneSizePolicyTests.swift	53	PaneSizePolicy	AreaSizePolicy	T	
c11Tests/PaneSizePolicyTests.swift	60	PaneSizePolicy	AreaSizePolicy	T	
c11Tests/PaneSizePolicyTests.swift	62	PaneSizePolicy	AreaSizePolicy	T	
c11Tests/PaneSizePolicyTests.swift	65	PaneSizePolicy	AreaSizePolicy	T	
c11Tests/PaneSizePolicyTests.swift	66	PaneSizePolicy	AreaSizePolicy	T	
c11Tests/PaneSizePolicyTests.swift	74	PaneSizePolicy	AreaSizePolicy	T	
c11Tests/PaneSizePolicyTests.swift	82	PaneSizePolicy	AreaSizePolicy	T	
c11Tests/PaneSizePolicyTests.swift	92	PaneSizePolicy	AreaSizePolicy	T	
c11Tests/PaneSizePolicyTests.swift	105	PaneSizePolicy	AreaSizePolicy	T	
c11Tests/PaneSizePolicyTests.swift	116	PaneSizePolicy	AreaSizePolicy	T	
c11Tests/PaneSizePolicyTests.swift	124	PaneSizePolicy	AreaSizePolicy	T	
c11Tests/PaneSizePolicyTests.swift	131	PaneSizePolicy	AreaSizePolicy	T	
c11Tests/PaneSizePolicyTests.swift	135	PaneSizePolicy	AreaSizePolicy	T	
c11Tests/PaneSizePolicyTests.swift	143	PaneSizePolicy	AreaSizePolicy	T	
c11Tests/PaneSizePolicyTests.swift	145	PaneSizePolicy	AreaSizePolicy	T	
c11Tests/PaneSizePolicyTests.swift	152	PaneSizePolicy	AreaSizePolicy	T	
c11Tests/PaneSizePolicyTests.swift	154	PaneSizePolicy	AreaSizePolicy	T	
c11Tests/PaneSizePolicyTests.swift	158	PaneSizePolicy	AreaSizePolicy	T	
c11Tests/PaneSizePolicyTests.swift	162	PaneSizePolicy	AreaSizePolicy	T	
c11Tests/PaneSizePolicyTests.swift	170	PaneSizePolicy	AreaSizePolicy	T	
c11Tests/PaneSizePolicyTests.swift	171	PaneSizePolicy	AreaSizePolicy	T	
c11Tests/PaneSizePolicyTests.swift	172	PaneSizePolicy	AreaSizePolicy	T	
c11Tests/PaneSizePolicyTests.swift	180	PaneSizePolicy	AreaSizePolicy	T	
c11Tests/PaneSizePolicyTests.swift	181	PaneSizePolicy	AreaSizePolicy	T	
c11Tests/PaneSizePolicyTests.swift	191	PaneSizePolicy	AreaSizePolicy	T	
c11Tests/PaneSizePolicyTests.swift	192	PaneSizePolicy	AreaSizePolicy	T	
c11Tests/PaneSizePolicyTests.swift	201	PaneSizeMode	AreaSizeMode	T	
c11Tests/PaneSizePolicyTests.swift	202	PaneSizeMode	AreaSizeMode	T	
c11Tests/PaneSizePolicyTests.swift	203	PaneSizeMode	AreaSizeMode	T	
c11Tests/PaneSizePolicyTests.swift	204	PaneSizeMode	AreaSizeMode	T	
c11Tests/PaneSizePolicyTests.swift	205	PaneSizeMode	AreaSizeMode	T	
c11Tests/PaneSizePolicyTests.swift	206	PaneSizeMode	AreaSizeMode	T	
c11Tests/ScrapeCapturePipelineTests.swift	563	SessionPaneLayoutSnapshot	SessionAreaLayoutSnapshot	T	
c11Tests/SessionPersistenceTests.swift	1328	SessionPaneLayoutSnapshot	SessionAreaLayoutSnapshot	T	
c11Tests/TabLayoutSettingsTests.swift	30	SessionPaneLayoutSnapshot	SessionAreaLayoutSnapshot	T	
c11Tests/TabLayoutSettingsTests.swift	30	pane	area	L	var pane = SessionPaneLayoutSnapshot(panelIds: [UUID()], selectedPanelId: nil)
c11Tests/TabLayoutSettingsTests.swift	31	pane	area	L	var pane = SessionPaneLayoutSnapshot(panelIds: [UUID()], selectedPanelId: nil)
c11Tests/TabLayoutSettingsTests.swift	32	pane	area	L	var pane = SessionPaneLayoutSnapshot(panelIds: [UUID()], selectedPanelId: nil)
c11Tests/TabLayoutSettingsTests.swift	33	SessionPaneLayoutSnapshot	SessionAreaLayoutSnapshot	T	
c11Tests/TabLayoutSettingsTests.swift	36	SessionPaneLayoutSnapshot	SessionAreaLayoutSnapshot	T	
c11Tests/TabLayoutSettingsTests.swift	37	SessionPaneLayoutSnapshot	SessionAreaLayoutSnapshot	T	
c11Tests/WorkspaceApplyPlanCodableTests.swift	337	PaneSpec	AreaSpec	T	
c11Tests/WorkspaceApplyPlanCodableTests.swift	360	PaneSpec	AreaSpec	T	
c11Tests/WorkspaceApplyPlanCodableTests.swift	377	PaneSpec	AreaSpec	T	
c11Tests/WorkspaceApplyPlanCodableTests.swift	378	PaneSpec	AreaSpec	T	
c11Tests/WorkspaceApplyPlanCodableTests.swift	390	PaneSpec	AreaSpec	T	
c11Tests/WorkspaceApplyPlanCodableTests.swift	401	PaneSpec	AreaSpec	T	
c11Tests/WorkspaceApplyPlanCodableTests.swift	412	PaneSpec	AreaSpec	T	
c11Tests/WorkspaceConversationResumeTests.swift	539	SessionPaneLayoutSnapshot	SessionAreaLayoutSnapshot	T	
c11Tests/WorkspaceFlashTests.swift	21	NotificationPaneFlashSettings	NotificationAreaFlashSettings	T	
c11Tests/WorkspaceFlashTests.swift	26	NotificationPaneFlashSettings	NotificationAreaFlashSettings	T	
c11Tests/WorkspaceFlashTests.swift	171	NotificationPaneFlashSettings	NotificationAreaFlashSettings	T	
c11Tests/WorkspaceFlashTests.swift	172	NotificationPaneFlashSettings	NotificationAreaFlashSettings	T	
c11Tests/WorkspaceLayoutExecutorAcceptanceTests.swift	306	PaneSpec	AreaSpec	T	
c11Tests/WorkspaceLayoutExecutorAcceptanceTests.swift	366	PaneSpec	AreaSpec	T	
c11Tests/WorkspaceLayoutExecutorAcceptanceTests.swift	546	PaneSpec	AreaSpec	T	
c11Tests/WorkspaceLayoutExecutorAcceptanceTests.swift	569	PaneSpec	AreaSpec	T	
c11Tests/WorkspaceLayoutExecutorAcceptanceTests.swift	758	PaneSpec	AreaSpec	T	
c11Tests/WorkspaceLayoutExecutorAcceptanceTests.swift	758	planPane	planPane planArea	L	planPane: LayoutTreeSpec.PaneSpec
c11Tests/WorkspaceLayoutExecutorAcceptanceTests.swift	785	planPane	planArea	L	planPane: LayoutTreeSpec.PaneSpec
c11Tests/WorkspaceLayoutExecutorAcceptanceTests.swift	789	planPane	planArea	L	planPane: LayoutTreeSpec.PaneSpec
c11Tests/WorkspaceLayoutExecutorAcceptanceTests.swift	790	planPane	planArea	L	planPane: LayoutTreeSpec.PaneSpec
c11Tests/WorkspaceLayoutExecutorAcceptanceTests.swift	791	planPane	planArea	L	planPane: LayoutTreeSpec.PaneSpec
c11Tests/WorkspaceLayoutExecutorAcceptanceTests.swift	920	PaneMetadataStore	AreaMetadataStore	T	
c11Tests/WorkspaceSnapshotBrowserMarkdownRoundTripTests.swift	48	PaneSpec	AreaSpec	T	
c11Tests/WorkspaceSnapshotBrowserMarkdownRoundTripTests.swift	49	PaneSpec	AreaSpec	T	
c11Tests/WorkspaceSnapshotBrowserMarkdownRoundTripTests.swift	100	PaneSpec	AreaSpec	T	
c11Tests/WorkspaceSnapshotBrowserMarkdownRoundTripTests.swift	137	PaneSpec	AreaSpec	T	
c11Tests/WorkspaceSnapshotBrowserMarkdownRoundTripTests.swift	141	PaneSpec	AreaSpec	T	
c11Tests/WorkspaceSnapshotBrowserMarkdownRoundTripTests.swift	142	PaneSpec	AreaSpec	T	
c11Tests/WorkspaceSnapshotBrowserMarkdownRoundTripTests.swift	180	PaneSpec	AreaSpec	T	
c11Tests/WorkspaceSnapshotBrowserMarkdownRoundTripTests.swift	181	PaneSpec	AreaSpec	T	
c11Tests/WorkspaceSnapshotRoundTripAcceptanceTests.swift	187	PaneMetadataStore	AreaMetadataStore	T	
c11Tests/WorkspaceSnapshotStoreSecurityTests.swift	50	PaneSpec	AreaSpec	T	
c11Tests/WorkspaceUnitTests.swift	1396	RejectingSplitPaneDelegate	RejectingSplitAreaDelegate	T	
c11Tests/WorkspaceUnitTests.swift	1493	RejectingSplitPaneDelegate	RejectingSplitAreaDelegate	T	
