# Pass p6: test class, function and file names that follow the renamed subject. Generated by gen-p6.py.
# Columns: old<TAB>new<TAB>globs<TAB>fallback<TAB>flags (ev:Test); @path rows carry ev:Test too
BrowserPaneDropRoutingTests	BrowserAreaDropRoutingTests	c11Tests/*		ev:Test
BrowserPanelAddressBarFocusRequestTests	BrowserTabAddressBarFocusRequestTests	c11Tests/*		ev:Test
BrowserPanelChromeBackgroundColorTests	BrowserTabChromeBackgroundColorTests	c11Tests/*		ev:Test
BrowserPanelHostContainerViewTests	BrowserTabHostContainerViewTests	c11Tests/*		ev:Test
BrowserPanelOmnibarPillBackgroundColorTests	BrowserTabOmnibarPillBackgroundColorTests	c11Tests/*		ev:Test
BrowserPanelProfileIsolationTests	BrowserTabProfileIsolationTests	c11Tests/*		ev:Test
BrowserPanelRemoteStoreTests	BrowserTabRemoteStoreTests	c11Tests/*		ev:Test
LastSurfaceCloseShortcutSettingsTests	LastTabCloseShortcutSettingsTests	c11Tests/*		ev:Test
MailboxSurfaceResolverTests	MailboxTabResolverTests	c11Tests/*		ev:Test
MarkdownPanelFontScaleTests	MarkdownTabFontScaleTests	c11Tests/*		ev:Test
MarkdownPanelPointerObserverViewTests	MarkdownTabPointerObserverViewTests	c11Tests/*		ev:Test
PaneInteractionRuntimeTests	AreaInteractionRuntimeTests	c11Tests/*		ev:Test
PaneMetadataPersistenceTests	AreaMetadataPersistenceTests	c11Tests/*		ev:Test
PaneMetadataStoreTests	AreaMetadataStoreTests	c11Tests/*		ev:Test
PaneSizePolicyTests	AreaSizePolicyTests	c11Tests/*		ev:Test
PanelIdentityRestoreTests	TabIdentityRestoreTests	c11Tests/*		ev:Test
SocketSurfaceRefRejectionWiringTests	SocketTabRefRejectionWiringTests	c11Tests/*		ev:Test
SocketSurfaceRefValidatorTests	SocketTabRefValidatorTests	c11Tests/*		ev:Test
SurfaceActivityTests	TabActivityTests	c11Tests/*		ev:Test
SurfaceLifecycleTests	TabLifecycleTests	c11Tests/*		ev:Test
SurfaceLivenessDeriverTests	TabLivenessDeriverTests	c11Tests/*		ev:Test
SurfaceMetadataStoreTargetedReadTests	TabMetadataStoreTargetedReadTests	c11Tests/*		ev:Test
SurfaceMetadataStoreValidationTests	TabMetadataStoreValidationTests	c11Tests/*		ev:Test
SurfaceSeenClockTests	TabSeenClockTests	c11Tests/*		ev:Test
SurfaceTitleBarRenderTests	TabTitleBarRenderTests	c11Tests/*		ev:Test
SurfaceTypeAvailabilityTests	TabTypeAvailabilityTests	c11Tests/*		ev:Test
TabManagerChildExitCloseTests	WorkspaceManagerChildExitCloseTests	c11Tests/*		ev:Test
TabManagerCloseCurrentPanelTests	WorkspaceManagerCloseCurrentPanelTests	c11Tests/*		ev:Test
TabManagerCloseWorkspacesWithConfirmationTests	WorkspaceManagerCloseWorkspacesWithConfirmationTests	c11Tests/*		ev:Test
TabManagerEqualizeSplitsTests	WorkspaceManagerEqualizeSplitsTests	c11Tests/*		ev:Test
TabManagerNotificationFocusTests	WorkspaceManagerNotificationFocusTests	c11Tests/*		ev:Test
TabManagerPaneInteractionScopeTests	WorkspaceManagerAreaInteractionScopeTests	c11Tests/*		ev:Test
TabManagerPendingUnfocusPolicyTests	WorkspaceManagerPendingUnfocusPolicyTests	c11Tests/*		ev:Test
TabManagerReopenClosedBrowserFocusTests	WorkspaceManagerReopenClosedBrowserFocusTests	c11Tests/*		ev:Test
TabManagerSessionSnapshotTests	WorkspaceManagerSessionSnapshotTests	c11Tests/*		ev:Test
TabManagerSurfaceCreationTests	WorkspaceManagerSurfaceCreationTests	c11Tests/*		ev:Test
TabManagerWorkspaceConfigInheritanceSourceTests	WorkspaceManagerWorkspaceConfigInheritanceSourceTests	c11Tests/*		ev:Test
TabManagerWorkspaceOwnershipTests	WorkspaceManagerWorkspaceOwnershipTests	c11Tests/*		ev:Test
WorkspacePanelCustomColorTests	WorkspaceTabCustomColorTests	c11Tests/*		ev:Test
WorkspacePanelGitBranchTests	WorkspaceTabGitBranchTests	c11Tests/*		ev:Test
testAddWorkspaceInPreferredMainWindowIgnoresStaleTabManagerPointer	testAddWorkspaceInPreferredMainWindowIgnoresStaleWorkspaceManagerPointer	c11Tests/AppDelegateShortcutRoutingTests.swift		ev:Test,nomember
testSurfaceTabResolverUsesSuppressionOnlyForExactUnreadDemand	testTabResolverUsesSuppressionOnlyForExactUnreadDemand	c11Tests/AttentionModelTests.swift		ev:Test,nomember
testBrowserPanelEnablesInspectableWebViewAndDeveloperExtras	testBrowserTabEnablesInspectableWebViewAndDeveloperExtras	c11Tests/BrowserConfigTests.swift		ev:Test,nomember
testBrowserPanelRefreshesUnderPageBackgroundColorWhenGhosttyBackgroundChanges	testBrowserTabRefreshesUnderPageBackgroundColorWhenGhosttyBackgroundChanges	c11Tests/BrowserConfigTests.swift		ev:Test,nomember
testBrowserPanelRefreshesUnderPageBackgroundColorWithGhosttyOpacity	testBrowserTabRefreshesUnderPageBackgroundColorWithGhosttyOpacity	c11Tests/BrowserConfigTests.swift		ev:Test,nomember
testBrowserPanelThemeModeUpdatesWebViewAppearance	testBrowserTabThemeModeUpdatesWebViewAppearance	c11Tests/BrowserConfigTests.swift		ev:Test,nomember
testBrowserPanelUIDelegateImplementsJavaScriptDialogSelectors	testBrowserTabUIDelegateImplementsJavaScriptDialogSelectors	c11Tests/BrowserConfigTests.swift		ev:Test,nomember
testBrowserPanelHostAllowsRightDockedInspectorToExpandLeftAfterPromotion	testBrowserTabHostAllowsRightDockedInspectorToExpandLeftAfterPromotion	c11Tests/BrowserPanelTests.swift		ev:Test,nomember
testBrowserPanelHostClaimsCollapsedHostedInspectorSiblingDividerAtLeadingEdge	testBrowserTabHostClaimsCollapsedHostedInspectorSiblingDividerAtLeadingEdge	c11Tests/BrowserPanelTests.swift		ev:Test,nomember
testBrowserPanelHostClaimsHostedInspectorDividerAcrossFullHeight	testBrowserTabHostClaimsHostedInspectorDividerAcrossFullHeight	c11Tests/BrowserPanelTests.swift		ev:Test,nomember
testBrowserPanelHostFallsBackToManualHostedInspectorDragForLeftDockedInspector	testBrowserTabHostFallsBackToManualHostedInspectorDragForLeftDockedInspector	c11Tests/BrowserPanelTests.swift		ev:Test,nomember
testBrowserPanelHostFallsBackToManualHostedInspectorDragWhenNativeDividerHitIsUnavailable	testBrowserTabHostFallsBackToManualHostedInspectorDragWhenNativeDividerHitIsUnavailable	c11Tests/BrowserPanelTests.swift		ev:Test,nomember
testBrowserPanelHostKeepsAutomaticRightDockedWidthAboveMinimumWhileShrinking	testBrowserTabHostKeepsAutomaticRightDockedWidthAboveMinimumWhileShrinking	c11Tests/BrowserPanelTests.swift		ev:Test,nomember
testBrowserPanelHostKeepsInspectorResizableAfterShrinkingToMinimumWidth	testBrowserTabHostKeepsInspectorResizableAfterShrinkingToMinimumWidth	c11Tests/BrowserPanelTests.swift		ev:Test,nomember
testBrowserPanelHostPrefersNativeHostedInspectorSiblingDividerHit	testBrowserTabHostPrefersNativeHostedInspectorSiblingDividerHit	c11Tests/BrowserPanelTests.swift		ev:Test,nomember
testBrowserPanelHostPromotesVisibleRightDockedInspectorIntoManagedSideDock	testBrowserTabHostPromotesVisibleRightDockedInspectorIntoManagedSideDock	c11Tests/BrowserPanelTests.swift		ev:Test,nomember
testBrowserPanelHostReappliesStoredHostedInspectorWidthAfterLayoutReset	testBrowserTabHostReappliesStoredHostedInspectorWidthAfterLayoutReset	c11Tests/BrowserPanelTests.swift		ev:Test,nomember
testBrowserPanelHostRequestsBottomDockWhenSideDockLeavesTooLittlePageWidth	testBrowserTabHostRequestsBottomDockWhenSideDockLeavesTooLittlePageWidth	c11Tests/BrowserPanelTests.swift		ev:Test,nomember
testBrowserPanelManagedSideDockDoesNotAutoresizeDraggedFrames	testBrowserTabManagedSideDockDoesNotAutoresizeDraggedFrames	c11Tests/BrowserPanelTests.swift		ev:Test,nomember
testDecodeTransferPayloadReadsTabAndSourcePane	testDecodeTransferPayloadReadsTabAndSourceArea	c11Tests/BrowserPanelTests.swift		ev:Test,nomember
testSwitcherFingerprintTracksSurfaceValuesAtSameCardinality	testSwitcherFingerprintTracksTabValuesAtSameCardinality	c11Tests/CommandPaletteSearchEngineTests.swift		ev:Test,nomember
testClearWipesSurface	testClearWipesTab	c11Tests/ConversationRefTests.swift		ev:Test,nomember
testSurfaceConversationsCodableEmitsHistoryArrayExplicitly	testTabConversationsCodableEmitsHistoryArrayExplicitly	c11Tests/ConversationRefTests.swift		ev:Test,nomember
testSurfaceConversationsCodableEmitsHistoryAsArrayNotOmitted	testTabConversationsCodableEmitsHistoryAsArrayNotOmitted	c11Tests/ConversationSnapshotBridgeTests.swift		ev:Test,nomember
testNewTerminalSurfaceStaysRemoteWhileBrowserPanelsKeepWorkspaceRemote	testNewTerminalTabStaysRemoteWhileBrowserPanelsKeepWorkspaceRemote	c11Tests/GhosttyConfigTests.swift		ev:Test,nomember
testRemoteWorkspacePanelsShareWorkspaceScopedWebsiteDataStore	testRemoteWorkspaceTabsShareWorkspaceScopedWebsiteDataStore	c11Tests/GhosttyConfigTests.swift		ev:Test,nomember
testInboxAllowsSpacesInSurfaceNames	testInboxAllowsSpacesInTabNames	c11Tests/MailboxLayoutTests.swift		ev:Test,nomember
testInboxAllowsUnicodeSurfaceNames	testInboxAllowsUnicodeTabNames	c11Tests/MailboxLayoutTests.swift		ev:Test,nomember
testEnumeratesMailboxMetadataForTitledSurfaces	testEnumeratesMailboxMetadataForTitledTabs	c11Tests/MailboxSurfaceResolverTests.swift		ev:Test,nomember
testSurfaceMetadataAddressAndRoleNilWhenUnset	testTabMetadataAddressAndRoleNilWhenUnset	c11Tests/MailboxSurfaceResolverTests.swift		ev:Test,nomember
testSurfaceMetadataExposesAddressAndRole	testTabMetadataExposesAddressAndRole	c11Tests/MailboxSurfaceResolverTests.swift		ev:Test,nomember
testSurfaceMetadataRoleDoesNotFallBackToCanonicalRole	testTabMetadataRoleDoesNotFallBackToCanonicalRole	c11Tests/MailboxSurfaceResolverTests.swift		ev:Test,nomember
testSurfaceNameReturnsNilWhenNoTitle	testTabNameReturnsNilWhenNoTitle	c11Tests/MailboxSurfaceResolverTests.swift		ev:Test,nomember
testSurfaceNameReturnsTitle	testTabNameReturnsTitle	c11Tests/MailboxSurfaceResolverTests.swift		ev:Test,nomember
testNewPanelsInheritLastUsedScale	testNewTabsInheritLastUsedScale	c11Tests/MarkdownPanelFontScaleTests.swift		ev:Test,nomember
testNotificationPaneFlashPreferenceDefaultsToEnabled	testNotificationAreaFlashPreferenceDefaultsToEnabled	c11Tests/NotificationAndMenuBarTests.swift		ev:Test,nomember
testPruneWorkspaceKeepsValidPanes	testPruneWorkspaceKeepsValidAreas	c11Tests/PaneMetadataStoreTests.swift		ev:Test,nomember
testRemovePaneDropsMetadata	testRemoveAreaDropsMetadata	c11Tests/PaneMetadataStoreTests.swift		ev:Test,nomember
test584x173AgentPaneIsRefused	test584x173AgentAreaIsRefused	c11Tests/PaneSizePolicyTests.swift		ev:Test,nomember
testBrowserPanelIdIsStableAcrossRoundTrip	testBrowserTabIdIsStableAcrossRoundTrip	c11Tests/PanelIdentityRestoreTests.swift		ev:Test,nomember
testMarkdownPanelIdIsStableAcrossRoundTrip	testMarkdownTabIdIsStableAcrossRoundTrip	c11Tests/PanelIdentityRestoreTests.swift		ev:Test,nomember
testMixedPanelTypesAllSurviveRoundTripWithSameIds	testMixedTabTypesAllSurviveRoundTripWithSameIds	c11Tests/PanelIdentityRestoreTests.swift		ev:Test,nomember
testTerminalPanelIdIsStableAcrossRoundTrip	testTerminalTabIdIsStableAcrossRoundTrip	c11Tests/PanelIdentityRestoreTests.swift		ev:Test,nomember
testSessionBrowserPanelSnapshotHistoryDecodesWhenKeysAreMissing	testSessionBrowserTabSnapshotHistoryDecodesWhenKeysAreMissing	c11Tests/SessionPersistenceTests.swift		ev:Test,nomember
testSessionBrowserPanelSnapshotHistoryRoundTrip	testSessionBrowserTabSnapshotHistoryRoundTrip	c11Tests/SessionPersistenceTests.swift		ev:Test,nomember
testSessionPanelSnapshotCustomColorOmittedWhenNil	testSessionTabSnapshotCustomColorOmittedWhenNil	c11Tests/SessionPersistenceTests.swift		ev:Test,nomember
testSessionPanelSnapshotCustomColorRoundTrip	testSessionTabSnapshotCustomColorRoundTrip	c11Tests/SessionPersistenceTests.swift		ev:Test,nomember
testSessionPanelSnapshotDecodesLegacyJSONWithoutCustomColor	testSessionTabSnapshotDecodesLegacyJSONWithoutCustomColor	c11Tests/SessionPersistenceTests.swift		ev:Test,nomember
testSessionPanelSnapshotDecodesLegacyJSONWithoutLastActivity	testSessionTabSnapshotDecodesLegacyJSONWithoutLastActivity	c11Tests/SessionPersistenceTests.swift		ev:Test,nomember
testSessionPanelSnapshotLastActivityAtRoundTrip	testSessionTabSnapshotLastActivityAtRoundTrip	c11Tests/SessionPersistenceTests.swift		ev:Test,nomember
testSessionPanelSnapshotLegacyCreationIsNotInvented	testSessionTabSnapshotLegacyCreationIsNotInvented	c11Tests/SessionPersistenceTests.swift		ev:Test,nomember
testSessionPanelSnapshotLogicalCreationRoundTrip	testSessionTabSnapshotLogicalCreationRoundTrip	c11Tests/SessionPersistenceTests.swift		ev:Test,nomember
testWorkspaceSessionSnapshotRestoresMarkdownPanel	testWorkspaceSessionSnapshotRestoresMarkdownTab	c11Tests/SessionPersistenceTests.swift		ev:Test,nomember
testOrderedUniquePullRequestsFollowsPanelOrderAcrossSplitsAndTabs	testOrderedUniquePullRequestsFollowsTabOrderAcrossSplitsAndTabs	c11Tests/SidebarOrderingTests.swift		ev:Test,nomember
testOrderedUniquePullRequestsUsesFallbackWhenNoPanelPullRequestsExist	testOrderedUniquePullRequestsUsesFallbackWhenNoTabPullRequestsExist	c11Tests/SidebarOrderingTests.swift		ev:Test,nomember
testUpdatePanelGitBranchClearsFocusedPullRequestWhenBranchChanges	testUpdateTabGitBranchClearsFocusedPullRequestWhenBranchChanges	c11Tests/SidebarOrderingTests.swift		ev:Test,nomember
testUpdatePanelPullRequestPreservesExistingChecksWhenUpdateOmitsThem	testUpdateTabPullRequestPreservesExistingChecksWhenUpdateOmitsThem	c11Tests/SidebarOrderingTests.swift		ev:Test,nomember
testDeliverReportsClosedWhenSurfaceNotFound	testDeliverReportsClosedWhenTabNotFound	c11Tests/StdinHandlerFormattingTests.swift		ev:Test,nomember
testClearWipesSurfaceOnly	testClearWipesTabOnly	c11Tests/SurfaceActivityTests.swift		ev:Test,nomember
testEmptyOrWhitespaceSurfaceIdIgnored	testEmptyOrWhitespaceTabIdIgnored	c11Tests/SurfaceActivityTests.swift		ev:Test,nomember
testBrowserPanelDefaultConstructionStillFiresInitialLoad	testBrowserTabDefaultConstructionStillFiresInitialLoad	c11Tests/SurfaceLifecycleTests.swift		ev:Test,nomember
testBrowserPanelPendingHibernateSkipsInitialLoad	testBrowserTabPendingHibernateSkipsInitialLoad	c11Tests/SurfaceLifecycleTests.swift		ev:Test,nomember
testSurfaceTabActivityColorsMatchDarkAndLightContract	testTabActivityColorsMatchDarkAndLightContract	c11Tests/SurfaceLivenessDeriverTests.swift		ev:Test,nomember
testSurfaceTabResolverDoesNotManufactureWaitingFromWorkspaceOrManualUnread	testTabResolverDoesNotManufactureWaitingFromWorkspaceOrManualUnread	c11Tests/SurfaceLivenessDeriverTests.swift		ev:Test,nomember
testSurfaceTabResolverGivesExactDemandPrecedence	testTabResolverGivesExactDemandPrecedence	c11Tests/SurfaceLivenessDeriverTests.swift		ev:Test,nomember
testSurfaceTabResolverMapsRecognizedAgentStates	testTabResolverMapsRecognizedAgentStates	c11Tests/SurfaceLivenessDeriverTests.swift		ev:Test,nomember
testSurfaceTabResolverOmitsNonAgentActivity	testTabResolverOmitsNonAgentActivity	c11Tests/SurfaceLivenessDeriverTests.swift		ev:Test,nomember
testLastSeenAtRoundTripsThroughPanelSnapshot	testLastSeenAtRoundTripsThroughTabSnapshot	c11Tests/SurfaceSeenClockTests.swift		ev:Test,nomember
testClosePanelButtonClosesWorkspaceWhenItOwnsTheLastSurface	testCloseTabButtonClosesWorkspaceWhenItOwnsTheLastTab	c11Tests/TabManagerUnitTests.swift		ev:Test,nomember
testClosePanelButtonStillClosesWorkspaceWhenKeepWorkspaceOpenPreferenceIsEnabled	testCloseTabButtonStillClosesWorkspaceWhenKeepWorkspaceOpenPreferenceIsEnabled	c11Tests/TabManagerUnitTests.swift		ev:Test,nomember
testGenericClosePanelKeepsWorkspaceOpenWithoutExplicitCloseMarker	testGenericCloseTabKeepsWorkspaceOpenWithoutExplicitCloseMarker	c11Tests/TabManagerUnitTests.swift		ev:Test,nomember
testSurfaceSpecBrowserRoundTrips	testTabSpecBrowserRoundTrips	c11Tests/WorkspaceApplyPlanCodableTests.swift		ev:Test,nomember
testSurfaceSpecCompanionFieldsRoundTrip	testTabSpecCompanionFieldsRoundTrip	c11Tests/WorkspaceApplyPlanCodableTests.swift		ev:Test,nomember
testSurfaceSpecDecodesMissingSubmitCommandAsFalse	testTabSpecDecodesMissingSubmitCommandAsFalse	c11Tests/WorkspaceApplyPlanCodableTests.swift		ev:Test,nomember
testSurfaceSpecDecodesPrefeatureShapeWithoutCompanionFields	testTabSpecDecodesPrefeatureShapeWithoutCompanionFields	c11Tests/WorkspaceApplyPlanCodableTests.swift		ev:Test,nomember
testSurfaceSpecMarkdownRoundTrips	testTabSpecMarkdownRoundTrips	c11Tests/WorkspaceApplyPlanCodableTests.swift		ev:Test,nomember
testSurfaceSpecOmitsSubmitCommandWhenFalse	testTabSpecOmitsSubmitCommandWhenFalse	c11Tests/WorkspaceApplyPlanCodableTests.swift		ev:Test,nomember
testSurfaceSpecPreservesMailboxStarKeysVerbatim	testTabSpecPreservesMailboxStarKeysVerbatim	c11Tests/WorkspaceApplyPlanCodableTests.swift		ev:Test,nomember
testSurfaceSpecSubmitCommandRoundTrips	testTabSpecSubmitCommandRoundTrips	c11Tests/WorkspaceApplyPlanCodableTests.swift		ev:Test,nomember
testSurfaceSpecTerminalRoundTrips	testTabSpecTerminalRoundTrips	c11Tests/WorkspaceApplyPlanCodableTests.swift		ev:Test,nomember
testValidateRejectsDuplicateSurfaceId	testValidateRejectsDuplicateTabId	c11Tests/WorkspaceApplyPlanCodableTests.swift		ev:Test,nomember
testValidateRejectsDuplicateSurfaceReferenceAcrossPanes	testValidateRejectsDuplicateTabReferenceAcrossAreas	c11Tests/WorkspaceApplyPlanCodableTests.swift		ev:Test,nomember
testValidateRejectsDuplicateSurfaceReferenceWithinSinglePane	testValidateRejectsDuplicateTabReferenceWithinSingleArea	c11Tests/WorkspaceApplyPlanCodableTests.swift		ev:Test,nomember
testValidateRejectsUnknownSurfaceReference	testValidateRejectsUnknownTabReference	c11Tests/WorkspaceApplyPlanCodableTests.swift		ev:Test,nomember
testBlueprintFileRoundTripsMultiSurfacePlan	testBlueprintFileRoundTripsMultiTabPlan	c11Tests/WorkspaceBlueprintFileCodableTests.swift		ev:Test,nomember
testReadConversationsByPanelIdSyncEmptyStoreReturnsEmpty	testReadConversationsByTabIdSyncEmptyStoreReturnsEmpty	c11Tests/WorkspaceConversationResumeTests.swift		ev:Test,nomember
testReadConversationsByPanelIdSyncReturnsLiveData	testReadConversationsByTabIdSyncReturnsLiveData	c11Tests/WorkspaceConversationResumeTests.swift		ev:Test,nomember
testSetDerivedActivityIsPerSurfaceIndependent	testSetDerivedActivityIsPerTabIndependent	c11Tests/WorkspaceDerivedActivityTests.swift		ev:Test,nomember
testSetDerivedActivityStoresPerSurfaceState	testSetDerivedActivityStoresPerTabState	c11Tests/WorkspaceDerivedActivityTests.swift		ev:Test,nomember
testCancelOnUnregisteredPanelIsIdempotent	testCancelOnUnregisteredTabIsIdempotent	c11Tests/WorkspaceFlashTests.swift		ev:Test,nomember
testPaneFlashDisabledGuardSilencesAllChannels	testAreaFlashDisabledGuardSilencesAllChannels	c11Tests/WorkspaceFlashTests.swift		ev:Test,nomember
testTeardownAllPanelsCancelsEveryPersistentFlash	testTeardownAllTabsCancelsEveryPersistentFlash	c11Tests/WorkspaceFlashTests.swift		ev:Test,nomember
testSingleWorkspaceIdIsStableAcrossTabManagerRoundTrip	testSingleWorkspaceIdIsStableAcrossWorkspaceManagerRoundTrip	c11Tests/WorkspaceIdentityRestoreTests.swift		ev:Test,nomember
testBrowserBeforeAgentLinkResolvesAfterAllSurfacesMaterialize	testBrowserBeforeAgentLinkResolvesAfterAllTabsMaterialize	c11Tests/WorkspaceLayoutExecutorAcceptanceTests.swift		ev:Test,nomember
testSidebarPullRequestsFilterBranchMismatchPerPanel	testSidebarPullRequestsFilterBranchMismatchPerTab	c11Tests/WorkspacePullRequestSidebarTests.swift		ev:Test,nomember
testSidebarPullRequestsPreferBestStateAcrossPanels	testSidebarPullRequestsPreferBestStateAcrossTabs	c11Tests/WorkspacePullRequestSidebarTests.swift		ev:Test,nomember
testBrowserSurfaceKindRoundTrips	testBrowserTabKindRoundTrips	c11Tests/WorkspaceSnapshotBrowserMarkdownRoundTripTests.swift		ev:Test,nomember
testMixedThreeSurfacePlanRoundTrips	testMixedThreeTabPlanRoundTrips	c11Tests/WorkspaceSnapshotBrowserMarkdownRoundTripTests.swift		ev:Test,nomember
testClosingFocusedSplitRestoresBranchForRemainingFocusedPanel	testClosingFocusedSplitRestoresBranchForRemainingFocusedTab	c11Tests/WorkspaceUnitTests.swift		ev:Test,nomember
testDetachAttachAcrossWorkspacesPreservesNonCustomPanelTitle	testDetachAttachAcrossWorkspacesPreservesNonCustomTabTitle	c11Tests/WorkspaceUnitTests.swift		ev:Test,nomember
testDetachAttachAcrossWorkspacesPreservesPanelCustomColor	testDetachAttachAcrossWorkspacesPreservesTabCustomColor	c11Tests/WorkspaceUnitTests.swift		ev:Test,nomember
testDetachAttachAndRollbackPreserveSurfaceActivityResolverInputs	testDetachAttachAndRollbackPreserveTabActivityResolverInputs	c11Tests/WorkspaceUnitTests.swift		ev:Test,nomember
testDetachLastSurfaceLeavesWorkspaceTemporarilyEmptyForMoveFlow	testDetachLastTabLeavesWorkspaceTemporarilyEmptyForMoveFlow	c11Tests/WorkspaceUnitTests.swift		ev:Test,nomember
testDetachSurfaceWithRemainingPanelsSkipsDelayedFocusReconcile	testDetachTabWithRemainingTabsSkipsDelayedFocusReconcile	c11Tests/WorkspaceUnitTests.swift		ev:Test,nomember
testNewBrowserSurfaceFailureDoesNotMutatePreferredProfile	testNewBrowserTabFailureDoesNotMutatePreferredProfile	c11Tests/WorkspaceUnitTests.swift		ev:Test,nomember
testNewBrowserSurfacePrefersSelectedBrowserProfileInTargetPane	testNewBrowserTabPrefersSelectedBrowserProfileInTargetArea	c11Tests/WorkspaceUnitTests.swift		ev:Test,nomember
testNewBrowserSurfaceWithFocusFalsePreservesFocusedPanel	testNewBrowserTabWithFocusFalsePreservesFocusedTab	c11Tests/WorkspaceUnitTests.swift		ev:Test,nomember
testNewTerminalSurfaceWithFocusFalsePreservesFocusedPanel	testNewTerminalTabWithFocusFalsePreservesFocusedTab	c11Tests/WorkspaceUnitTests.swift		ev:Test,nomember
testPreferredTerminalPanelWinsWhenProvided	testPreferredTerminalTabWinsWhenProvided	c11Tests/WorkspaceUnitTests.swift		ev:Test,nomember
testRemovingTerminalTypeMetadataClearsAgentSurfaceActivityState	testRemovingTerminalTypeMetadataClearsAgentTabActivityState	c11Tests/WorkspaceUnitTests.swift		ev:Test,nomember
testSetPanelCustomColorClearsViaNilOrEmpty	testSetTabCustomColorClearsViaNilOrEmpty	c11Tests/WorkspaceUnitTests.swift		ev:Test,nomember
testSetPanelCustomColorIgnoresUnknownPanelId	testSetTabCustomColorIgnoresUnknownTabId	c11Tests/WorkspaceUnitTests.swift		ev:Test,nomember
testSetPanelCustomColorNormalizesValidHex	testSetTabCustomColorNormalizesValidHex	c11Tests/WorkspaceUnitTests.swift		ev:Test,nomember
testSetPanelCustomColorRejectsInvalidHexLeavesPriorValue	testSetTabCustomColorRejectsInvalidHexLeavesPriorValue	c11Tests/WorkspaceUnitTests.swift		ev:Test,nomember
testSidebarDerivedCollectionsMatchWhenUsingPrecomputedPanelOrder	testSidebarDerivedCollectionsMatchWhenUsingPrecomputedTabOrder	c11Tests/WorkspaceUnitTests.swift		ev:Test,nomember
testSidebarPullRequestsTrackFocusedPanelOnly	testSidebarPullRequestsTrackFocusedTabOnly	c11Tests/WorkspaceUnitTests.swift		ev:Test,nomember
testSnapshotAndRestorePreserveCreationAcrossPanelKinds	testSnapshotAndRestorePreserveCreationAcrossTabKinds	c11Tests/WorkspaceUnitTests.swift		ev:Test,nomember
testTargetedReadsOnUnknownSurfaceAreEmpty	testTargetedReadsOnUnknownTabAreEmpty	c11Tests/WorkspaceUnitTests.swift		ev:Test,nomember
testTeardownAllPanelsClearsPanelMetadataCaches	testTeardownAllTabsClearsTabMetadataCaches	c11Tests/WorkspaceUnitTests.swift		ev:Test,nomember
testTeardownClearsPanelCustomColors	testTeardownClearsTabCustomColors	c11Tests/WorkspaceUnitTests.swift		ev:Test,nomember
@path	c11Tests/BrowserPanelTests.swift	c11Tests/BrowserTabTests.swift	ev:Test
@path	c11Tests/MailboxSurfaceResolverTests.swift	c11Tests/MailboxTabResolverTests.swift	ev:Test
@path	c11Tests/MarkdownPanelFontScaleTests.swift	c11Tests/MarkdownTabFontScaleTests.swift	ev:Test
@path	c11Tests/PaneInteractionRuntimeTests.swift	c11Tests/AreaInteractionRuntimeTests.swift	ev:Test
@path	c11Tests/PaneMetadataPersistenceTests.swift	c11Tests/AreaMetadataPersistenceTests.swift	ev:Test
@path	c11Tests/PaneMetadataStoreTests.swift	c11Tests/AreaMetadataStoreTests.swift	ev:Test
@path	c11Tests/PaneSizePolicyTests.swift	c11Tests/AreaSizePolicyTests.swift	ev:Test
@path	c11Tests/PanelIdentityRestoreTests.swift	c11Tests/TabIdentityRestoreTests.swift	ev:Test
@path	c11Tests/SocketSurfaceRefRejectionWiringTests.swift	c11Tests/SocketTabRefRejectionWiringTests.swift	ev:Test
@path	c11Tests/SocketSurfaceRefValidatorTests.swift	c11Tests/SocketTabRefValidatorTests.swift	ev:Test
@path	c11Tests/SurfaceActivityTests.swift	c11Tests/TabActivityTests.swift	ev:Test
@path	c11Tests/SurfaceLifecycleTests.swift	c11Tests/TabLifecycleTests.swift	ev:Test
@path	c11Tests/SurfaceLivenessDeriverTests.swift	c11Tests/TabLivenessDeriverTests.swift	ev:Test
@path	c11Tests/SurfaceMetadataStoreValidationTests.swift	c11Tests/TabMetadataStoreValidationTests.swift	ev:Test
@path	c11Tests/SurfaceSeenClockTests.swift	c11Tests/TabSeenClockTests.swift	ev:Test
@path	c11Tests/SurfaceTitleBarRenderTests.swift	c11Tests/TabTitleBarRenderTests.swift	ev:Test
@path	c11Tests/SurfaceTypeAvailabilityTests.swift	c11Tests/TabTypeAvailabilityTests.swift	ev:Test
@path	c11Tests/TabManagerSessionSnapshotTests.swift	c11Tests/WorkspaceManagerSessionSnapshotTests.swift	ev:Test
@path	c11Tests/TabManagerUnitTests.swift	c11Tests/WorkspaceManagerUnitTests.swift	ev:Test
