# Pass r8c: test class, function and file names that follow the renamed subject. Generated by gen-p6.py.
# Columns: old<TAB>new<TAB>globs<TAB>fallback<TAB>flags (ev:Test); @path rows carry ev:Test too
BrowserNavigationNewTabDecisionTests	BrowserNavigationNewPanelDecisionTests	c11Tests/*		ev:Test
BrowserTabAddressBarFocusRequestTests	BrowserPanelAddressBarFocusRequestTests	c11Tests/*		ev:Test
BrowserTabChromeBackgroundColorTests	BrowserPanelChromeBackgroundColorTests	c11Tests/*		ev:Test
BrowserTabHostContainerViewTests	BrowserPanelHostContainerViewTests	c11Tests/*		ev:Test
BrowserTabOmnibarPillBackgroundColorTests	BrowserPanelOmnibarPillBackgroundColorTests	c11Tests/*		ev:Test
BrowserTabProfileIsolationTests	BrowserPanelProfileIsolationTests	c11Tests/*		ev:Test
BrowserTabRemoteStoreTests	BrowserPanelRemoteStoreTests	c11Tests/*		ev:Test
InternalTabDragBundleDeclarationTests	InternalPanelDragBundleDeclarationTests	c11Tests/*		ev:Test
InternalTabDragConfigurationTests	InternalPanelDragConfigurationTests	c11Tests/*		ev:Test
LastTabCloseShortcutSettingsTests	LastPanelCloseShortcutSettingsTests	c11Tests/*		ev:Test
MailboxTabResolverTests	MailboxPanelResolverTests	c11Tests/*		ev:Test
MarkdownTabFontScaleTests	MarkdownPanelFontScaleTests	c11Tests/*		ev:Test
MarkdownTabPointerObserverViewTests	MarkdownPanelPointerObserverViewTests	c11Tests/*		ev:Test
SocketTabRefRejectionWiringTests	SocketPanelRefRejectionWiringTests	c11Tests/*		ev:Test
SocketTabRefValidatorTests	SocketPanelRefValidatorTests	c11Tests/*		ev:Test
TabActivitySignalsTests	PanelActivitySignalsTests	c11Tests/*		ev:Test
TabActivityTests	PanelActivityTests	c11Tests/*		ev:Test
TabIconColorMetadataTests	PanelIconColorMetadataTests	c11Tests/*		ev:Test
TabIdentityRestoreTests	PanelIdentityRestoreTests	c11Tests/*		ev:Test
TabLayoutSettingsTests	PanelLayoutSettingsTests	c11Tests/*		ev:Test
TabLifecycleTests	PanelLifecycleTests	c11Tests/*		ev:Test
TabLivenessDeriverTests	PanelLivenessDeriverTests	c11Tests/*		ev:Test
TabMetadataStoreTargetedReadTests	PanelMetadataStoreTargetedReadTests	c11Tests/*		ev:Test
TabMetadataStoreValidationTests	PanelMetadataStoreValidationTests	c11Tests/*		ev:Test
TabOrdinalDisplayTests	PanelOrdinalDisplayTests	c11Tests/*		ev:Test
TabRailTipCenterTests	PanelRailTipCenterTests	c11Tests/*		ev:Test
TabRailTipPolicyTests	PanelRailTipPolicyTests	c11Tests/*		ev:Test
TabSeenClockTests	PanelSeenClockTests	c11Tests/*		ev:Test
TabSheetDetailBuilderTests	PanelSheetDetailBuilderTests	c11Tests/*		ev:Test
TabTitleBarRenderTests	PanelTitleBarRenderTests	c11Tests/*		ev:Test
TabTypeAvailabilityTests	PanelTypeAvailabilityTests	c11Tests/*		ev:Test
WorkspaceTabCustomColorTests	WorkspacePanelCustomColorTests	c11Tests/*		ev:Test
WorkspaceTabGitBranchTests	WorkspacePanelGitBranchTests	c11Tests/*		ev:Test
WorkspaceTabIconColorTests	WorkspacePanelIconColorTests	c11Tests/*		ev:Test
testCmdPhysicalOWithDvorakCharactersTriggersRenameTabShortcut	testCmdPhysicalOWithDvorakCharactersTriggersRenamePanelShortcut	c11Tests/AppDelegateShortcutRoutingTests.swift		ev:Test,nomember
testTabResolverUsesSuppressionOnlyForExactUnreadDemand	testPanelResolverUsesSuppressionOnlyForExactUnreadDemand	c11Tests/AttentionModelTests.swift		ev:Test,nomember
testBrowserTabEnablesInspectableWebViewAndDeveloperExtras	testBrowserPanelEnablesInspectableWebViewAndDeveloperExtras	c11Tests/BrowserConfigTests.swift		ev:Test,nomember
testBrowserTabRefreshesUnderPageBackgroundColorWhenGhosttyBackgroundChanges	testBrowserPanelRefreshesUnderPageBackgroundColorWhenGhosttyBackgroundChanges	c11Tests/BrowserConfigTests.swift		ev:Test,nomember
testBrowserTabRefreshesUnderPageBackgroundColorWithGhosttyOpacity	testBrowserPanelRefreshesUnderPageBackgroundColorWithGhosttyOpacity	c11Tests/BrowserConfigTests.swift		ev:Test,nomember
testBrowserTabThemeModeUpdatesWebViewAppearance	testBrowserPanelThemeModeUpdatesWebViewAppearance	c11Tests/BrowserConfigTests.swift		ev:Test,nomember
testBrowserTabUIDelegateImplementsJavaScriptDialogSelectors	testBrowserPanelUIDelegateImplementsJavaScriptDialogSelectors	c11Tests/BrowserConfigTests.swift		ev:Test,nomember
testLinkActivatedButtonFourWithRecentMiddleIntentOpensInNewTab	testLinkActivatedButtonFourWithRecentMiddleIntentOpensInNewPanel	c11Tests/BrowserConfigTests.swift		ev:Test,nomember
testLinkActivatedButtonFourWithoutMiddleIntentStaysInCurrentTab	testLinkActivatedButtonFourWithoutMiddleIntentStaysInCurrentPanel	c11Tests/BrowserConfigTests.swift		ev:Test,nomember
testLinkActivatedCmdClickOpensInNewTab	testLinkActivatedCmdClickOpensInNewPanel	c11Tests/BrowserConfigTests.swift		ev:Test,nomember
testLinkActivatedMiddleClickOpensInNewTab	testLinkActivatedMiddleClickOpensInNewPanel	c11Tests/BrowserConfigTests.swift		ev:Test,nomember
testLinkActivatedNavigationFallsBackToNewTab	testLinkActivatedNavigationFallsBackToNewPanel	c11Tests/BrowserConfigTests.swift		ev:Test,nomember
testLinkActivatedPlainLeftClickStaysInCurrentTab	testLinkActivatedPlainLeftClickStaysInCurrentPanel	c11Tests/BrowserConfigTests.swift		ev:Test,nomember
testNonLinkNavigationNeverForcesNewTab	testNonLinkNavigationNeverForcesNewPanel	c11Tests/BrowserConfigTests.swift		ev:Test,nomember
testOtherNavigationDoesNotFallbackToNewTab	testOtherNavigationDoesNotFallbackToNewPanel	c11Tests/BrowserConfigTests.swift		ev:Test,nomember
testOtherNavigationLeftClickStaysInCurrentTab	testOtherNavigationLeftClickStaysInCurrentPanel	c11Tests/BrowserConfigTests.swift		ev:Test,nomember
testOtherNavigationMiddleClickOpensInNewTab	testOtherNavigationMiddleClickOpensInNewPanel	c11Tests/BrowserConfigTests.swift		ev:Test,nomember
testResetSidebarContextClearsBrowserPanelsIntoNewTabState	testResetSidebarContextClearsBrowserPanelsIntoNewPanelState	c11Tests/BrowserConfigTests.swift		ev:Test,nomember
testWebViewReplacementPreservesEmptyNewTabRenderState	testWebViewReplacementPreservesEmptyNewPanelRenderState	c11Tests/BrowserConfigTests.swift		ev:Test,nomember
testBrowserImportHintPresentationHidesBlankTabHintWhenDismissed	testBrowserImportHintPresentationHidesBlankPanelHintWhenDismissed	c11Tests/BrowserImportMappingTests.swift		ev:Test,nomember
testBrowserTabHostAllowsRightDockedInspectorToExpandLeftAfterPromotion	testBrowserPanelHostAllowsRightDockedInspectorToExpandLeftAfterPromotion	c11Tests/BrowserTabTests.swift		ev:Test,nomember
testBrowserTabHostClaimsCollapsedHostedInspectorSiblingDividerAtLeadingEdge	testBrowserPanelHostClaimsCollapsedHostedInspectorSiblingDividerAtLeadingEdge	c11Tests/BrowserTabTests.swift		ev:Test,nomember
testBrowserTabHostClaimsHostedInspectorDividerAcrossFullHeight	testBrowserPanelHostClaimsHostedInspectorDividerAcrossFullHeight	c11Tests/BrowserTabTests.swift		ev:Test,nomember
testBrowserTabHostFallsBackToManualHostedInspectorDragForLeftDockedInspector	testBrowserPanelHostFallsBackToManualHostedInspectorDragForLeftDockedInspector	c11Tests/BrowserTabTests.swift		ev:Test,nomember
testBrowserTabHostFallsBackToManualHostedInspectorDragWhenNativeDividerHitIsUnavailable	testBrowserPanelHostFallsBackToManualHostedInspectorDragWhenNativeDividerHitIsUnavailable	c11Tests/BrowserTabTests.swift		ev:Test,nomember
testBrowserTabHostKeepsAutomaticRightDockedWidthAboveMinimumWhileShrinking	testBrowserPanelHostKeepsAutomaticRightDockedWidthAboveMinimumWhileShrinking	c11Tests/BrowserTabTests.swift		ev:Test,nomember
testBrowserTabHostKeepsInspectorResizableAfterShrinkingToMinimumWidth	testBrowserPanelHostKeepsInspectorResizableAfterShrinkingToMinimumWidth	c11Tests/BrowserTabTests.swift		ev:Test,nomember
testBrowserTabHostPrefersNativeHostedInspectorSiblingDividerHit	testBrowserPanelHostPrefersNativeHostedInspectorSiblingDividerHit	c11Tests/BrowserTabTests.swift		ev:Test,nomember
testBrowserTabHostPromotesVisibleRightDockedInspectorIntoManagedSideDock	testBrowserPanelHostPromotesVisibleRightDockedInspectorIntoManagedSideDock	c11Tests/BrowserTabTests.swift		ev:Test,nomember
testBrowserTabHostReappliesStoredHostedInspectorWidthAfterLayoutReset	testBrowserPanelHostReappliesStoredHostedInspectorWidthAfterLayoutReset	c11Tests/BrowserTabTests.swift		ev:Test,nomember
testBrowserTabHostRequestsBottomDockWhenSideDockLeavesTooLittlePageWidth	testBrowserPanelHostRequestsBottomDockWhenSideDockLeavesTooLittlePageWidth	c11Tests/BrowserTabTests.swift		ev:Test,nomember
testBrowserTabManagedSideDockDoesNotAutoresizeDraggedFrames	testBrowserPanelManagedSideDockDoesNotAutoresizeDraggedFrames	c11Tests/BrowserTabTests.swift		ev:Test,nomember
testSwitcherFingerprintTracksTabValuesAtSameCardinality	testSwitcherFingerprintTracksPanelValuesAtSameCardinality	c11Tests/CommandPaletteSearchEngineTests.swift		ev:Test,nomember
testTabConversationsCodableEmitsHistoryArrayExplicitly	testPanelConversationsCodableEmitsHistoryArrayExplicitly	c11Tests/ConversationRefTests.swift		ev:Test,nomember
testTabConversationsCodableEmitsHistoryAsArrayNotOmitted	testPanelConversationsCodableEmitsHistoryAsArrayNotOmitted	c11Tests/ConversationSnapshotBridgeTests.swift		ev:Test,nomember
testTabInputPayloadRecordsNullCallerAndKeyAttribution	testPanelInputPayloadRecordsNullCallerAndKeyAttribution	c11Tests/EventLogTests.swift		ev:Test,nomember
testTabInputPayloadRecordsQueuedAndSubmitState	testPanelInputPayloadRecordsQueuedAndSubmitState	c11Tests/EventLogTests.swift		ev:Test,nomember
testTabInputPayloadTruncatesBodyAtUTF8Boundary	testPanelInputPayloadTruncatesBodyAtUTF8Boundary	c11Tests/EventLogTests.swift		ev:Test,nomember
testRemoteWorkspaceTabsShareWorkspaceScopedWebsiteDataStore	testRemoteWorkspacePanelsShareWorkspaceScopedWebsiteDataStore	c11Tests/GhosttyConfigTests.swift		ev:Test,nomember
testTabInboxIsTheLowercasedTabUUID	testPanelInboxIsTheLowercasedPanelUUID	c11Tests/MailboxDrainTests.swift		ev:Test,nomember
testTabInboxScanIsReusedWithinItsInterval	testPanelInboxScanIsReusedWithinItsInterval	c11Tests/MailboxDrainTests.swift		ev:Test,nomember
testTabInboxURLsFindsAMovedTabsInboxInAnotherWorkspace	testPanelInboxURLsFindsAMovedPanelsInboxInAnotherWorkspace	c11Tests/MailboxDrainTests.swift		ev:Test,nomember
testAgentOwnsTerminalOnlyAsRawForegroundGroupOnTabTTY	testAgentOwnsTerminalOnlyAsRawForegroundGroupOnPanelTTY	c11Tests/MailboxStdinBufferTests.swift		ev:Test,nomember
testUnknownTabTTYFailsClosed	testUnknownPanelTTYFailsClosed	c11Tests/MailboxStdinBufferTests.swift		ev:Test,nomember
testEnumeratesMailboxMetadataForTitledTabs	testEnumeratesMailboxMetadataForTitledPanels	c11Tests/MailboxTabResolverTests.swift		ev:Test,nomember
testTabMetadataAddressAndRoleNilWhenUnset	testPanelMetadataAddressAndRoleNilWhenUnset	c11Tests/MailboxTabResolverTests.swift		ev:Test,nomember
testTabMetadataExposesAddressAndRole	testPanelMetadataExposesAddressAndRole	c11Tests/MailboxTabResolverTests.swift		ev:Test,nomember
testTabMetadataRoleDoesNotFallBackToCanonicalRole	testPanelMetadataRoleDoesNotFallBackToCanonicalRole	c11Tests/MailboxTabResolverTests.swift		ev:Test,nomember
testTabNameReturnsNilWhenNoTitle	testPanelNameReturnsNilWhenNoTitle	c11Tests/MailboxTabResolverTests.swift		ev:Test,nomember
testTabNameReturnsTitle	testPanelNameReturnsTitle	c11Tests/MailboxTabResolverTests.swift		ev:Test,nomember
testNewTabsInheritLastUsedScale	testNewPanelsInheritLastUsedScale	c11Tests/MarkdownTabFontScaleTests.swift		ev:Test,nomember
testSuppressionIsScopedToExactWorkspaceAndTab	testSuppressionIsScopedToExactWorkspaceAndPanel	c11Tests/NotificationAndMenuBarTests.swift		ev:Test,nomember
testGmQueryWithRemoteSuggestionsAndOpenTabPromotesAutocompletionMatch	testGmQueryWithRemoteSuggestionsAndOpenPanelPromotesAutocompletionMatch	c11Tests/OmnibarAndToolsTests.swift		ev:Test,nomember
testSessionBrowserTabSnapshotHistoryDecodesWhenKeysAreMissing	testSessionBrowserPanelSnapshotHistoryDecodesWhenKeysAreMissing	c11Tests/SessionPersistenceTests.swift		ev:Test,nomember
testSessionBrowserTabSnapshotHistoryRoundTrip	testSessionBrowserPanelSnapshotHistoryRoundTrip	c11Tests/SessionPersistenceTests.swift		ev:Test,nomember
testSessionTabSnapshotCustomColorOmittedWhenNil	testSessionPanelSnapshotCustomColorOmittedWhenNil	c11Tests/SessionPersistenceTests.swift		ev:Test,nomember
testSessionTabSnapshotCustomColorRoundTrip	testSessionPanelSnapshotCustomColorRoundTrip	c11Tests/SessionPersistenceTests.swift		ev:Test,nomember
testSessionTabSnapshotDecodesLegacyJSONWithoutCustomColor	testSessionPanelSnapshotDecodesLegacyJSONWithoutCustomColor	c11Tests/SessionPersistenceTests.swift		ev:Test,nomember
testSessionTabSnapshotDecodesLegacyJSONWithoutLastActivity	testSessionPanelSnapshotDecodesLegacyJSONWithoutLastActivity	c11Tests/SessionPersistenceTests.swift		ev:Test,nomember
testSessionTabSnapshotLastActivityAtRoundTrip	testSessionPanelSnapshotLastActivityAtRoundTrip	c11Tests/SessionPersistenceTests.swift		ev:Test,nomember
testSessionTabSnapshotLegacyCreationIsNotInvented	testSessionPanelSnapshotLegacyCreationIsNotInvented	c11Tests/SessionPersistenceTests.swift		ev:Test,nomember
testSessionTabSnapshotLogicalCreationRoundTrip	testSessionPanelSnapshotLogicalCreationRoundTrip	c11Tests/SessionPersistenceTests.swift		ev:Test,nomember
testWorkspaceSessionSnapshotRestoresMarkdownTab	testWorkspaceSessionSnapshotRestoresMarkdownPanel	c11Tests/SessionPersistenceTests.swift		ev:Test,nomember
testOrderedUniquePullRequestsFollowsTabOrderAcrossSplitsAndTabs	testOrderedUniquePullRequestsFollowsPanelOrderAcrossSplitsAndPanels	c11Tests/SidebarOrderingTests.swift		ev:Test,nomember
testOrderedUniquePullRequestsUsesFallbackWhenNoTabPullRequestsExist	testOrderedUniquePullRequestsUsesFallbackWhenNoPanelPullRequestsExist	c11Tests/SidebarOrderingTests.swift		ev:Test,nomember
testUpdateTabGitBranchClearsFocusedPullRequestWhenBranchChanges	testUpdatePanelGitBranchClearsFocusedPullRequestWhenBranchChanges	c11Tests/SidebarOrderingTests.swift		ev:Test,nomember
testUpdateTabPullRequestPreservesExistingChecksWhenUpdateOmitsThem	testUpdatePanelPullRequestPreservesExistingChecksWhenUpdateOmitsThem	c11Tests/SidebarOrderingTests.swift		ev:Test,nomember
testClearWipesTabOnly	testClearWipesPanelOnly	c11Tests/TabActivityTests.swift		ev:Test,nomember
testEmptyOrWhitespaceTabIdIgnored	testEmptyOrWhitespacePanelIdIgnored	c11Tests/TabActivityTests.swift		ev:Test,nomember
testBrowserTabIdIsStableAcrossRoundTrip	testBrowserPanelIdIsStableAcrossRoundTrip	c11Tests/TabIdentityRestoreTests.swift		ev:Test,nomember
testMarkdownTabIdIsStableAcrossRoundTrip	testMarkdownPanelIdIsStableAcrossRoundTrip	c11Tests/TabIdentityRestoreTests.swift		ev:Test,nomember
testMixedTabTypesAllSurviveRoundTripWithSameIds	testMixedPanelTypesAllSurviveRoundTripWithSameIds	c11Tests/TabIdentityRestoreTests.swift		ev:Test,nomember
testTerminalTabIdIsStableAcrossRoundTrip	testTerminalPanelIdIsStableAcrossRoundTrip	c11Tests/TabIdentityRestoreTests.swift		ev:Test,nomember
testBrowserTabDefaultConstructionStillFiresInitialLoad	testBrowserPanelDefaultConstructionStillFiresInitialLoad	c11Tests/TabLifecycleTests.swift		ev:Test,nomember
testBrowserTabPendingHibernateSkipsInitialLoad	testBrowserPanelPendingHibernateSkipsInitialLoad	c11Tests/TabLifecycleTests.swift		ev:Test,nomember
testTabActivityColorsMatchDarkAndLightContract	testPanelActivityColorsMatchDarkAndLightContract	c11Tests/TabLivenessDeriverTests.swift		ev:Test,nomember
testTabResolverDoesNotManufactureWaitingFromWorkspaceOrManualUnread	testPanelResolverDoesNotManufactureWaitingFromWorkspaceOrManualUnread	c11Tests/TabLivenessDeriverTests.swift		ev:Test,nomember
testTabResolverGivesExactDemandPrecedence	testPanelResolverGivesExactDemandPrecedence	c11Tests/TabLivenessDeriverTests.swift		ev:Test,nomember
testTabResolverMapsRecognizedAgentStates	testPanelResolverMapsRecognizedAgentStates	c11Tests/TabLivenessDeriverTests.swift		ev:Test,nomember
testTabResolverOmitsNonAgentActivity	testPanelResolverOmitsNonAgentActivity	c11Tests/TabLivenessDeriverTests.swift		ev:Test,nomember
testLastSeenAtRoundTripsThroughTabSnapshot	testLastSeenAtRoundTripsThroughPanelSnapshot	c11Tests/TabSeenClockTests.swift		ev:Test,nomember
testStampedWhenTabSwitchedAway	testStampedWhenPanelSwitchedAway	c11Tests/TabSeenClockTests.swift		ev:Test,nomember
testTypeLabelNamesTheTabKind	testTypeLabelNamesThePanelKind	c11Tests/TabSheetDetailBuilderTests.swift		ev:Test,nomember
testDisablesExternalOperationsForInternalTabDrags	testDisablesExternalOperationsForInternalPanelDrags	c11Tests/WindowAndDragTests.swift		ev:Test,nomember
testTabSpecBrowserRoundTrips	testPanelSpecBrowserRoundTrips	c11Tests/WorkspaceApplyPlanCodableTests.swift		ev:Test,nomember
testTabSpecCompanionFieldsRoundTrip	testPanelSpecCompanionFieldsRoundTrip	c11Tests/WorkspaceApplyPlanCodableTests.swift		ev:Test,nomember
testTabSpecDecodesMissingSubmitCommandAsFalse	testPanelSpecDecodesMissingSubmitCommandAsFalse	c11Tests/WorkspaceApplyPlanCodableTests.swift		ev:Test,nomember
testTabSpecDecodesPrefeatureShapeWithoutCompanionFields	testPanelSpecDecodesPrefeatureShapeWithoutCompanionFields	c11Tests/WorkspaceApplyPlanCodableTests.swift		ev:Test,nomember
testTabSpecMarkdownRoundTrips	testPanelSpecMarkdownRoundTrips	c11Tests/WorkspaceApplyPlanCodableTests.swift		ev:Test,nomember
testTabSpecOmitsSubmitCommandWhenFalse	testPanelSpecOmitsSubmitCommandWhenFalse	c11Tests/WorkspaceApplyPlanCodableTests.swift		ev:Test,nomember
testTabSpecPreservesMailboxStarKeysVerbatim	testPanelSpecPreservesMailboxStarKeysVerbatim	c11Tests/WorkspaceApplyPlanCodableTests.swift		ev:Test,nomember
testTabSpecSubmitCommandRoundTrips	testPanelSpecSubmitCommandRoundTrips	c11Tests/WorkspaceApplyPlanCodableTests.swift		ev:Test,nomember
testTabSpecTerminalRoundTrips	testPanelSpecTerminalRoundTrips	c11Tests/WorkspaceApplyPlanCodableTests.swift		ev:Test,nomember
testReadConversationsByTabIdSyncEmptyStoreReturnsEmpty	testReadConversationsByPanelIdSyncEmptyStoreReturnsEmpty	c11Tests/WorkspaceConversationResumeTests.swift		ev:Test,nomember
testReadConversationsByTabIdSyncReturnsLiveData	testReadConversationsByPanelIdSyncReturnsLiveData	c11Tests/WorkspaceConversationResumeTests.swift		ev:Test,nomember
testSetDerivedActivityIsPerTabIndependent	testSetDerivedActivityIsPerPanelIndependent	c11Tests/WorkspaceDerivedActivityTests.swift		ev:Test,nomember
testSetDerivedActivityStoresPerTabState	testSetDerivedActivityStoresPerPanelState	c11Tests/WorkspaceDerivedActivityTests.swift		ev:Test,nomember
testCancelOnUnregisteredTabIsIdempotent	testCancelOnUnregisteredPanelIsIdempotent	c11Tests/WorkspaceFlashTests.swift		ev:Test,nomember
testTeardownAllTabsCancelsEveryPersistentFlash	testTeardownAllPanelsCancelsEveryPersistentFlash	c11Tests/WorkspaceFlashTests.swift		ev:Test,nomember
testGenericCloseTabKeepsWorkspaceOpenWithoutExplicitCloseMarker	testGenericClosePanelKeepsWorkspaceOpenWithoutExplicitCloseMarker	c11Tests/WorkspaceManagerUnitTests.swift		ev:Test,nomember
testSidebarPullRequestsFilterBranchMismatchPerTab	testSidebarPullRequestsFilterBranchMismatchPerPanel	c11Tests/WorkspacePullRequestSidebarTests.swift		ev:Test,nomember
testSidebarPullRequestsPreferBestStateAcrossTabs	testSidebarPullRequestsPreferBestStateAcrossPanels	c11Tests/WorkspacePullRequestSidebarTests.swift		ev:Test,nomember
testBrowserTabKindRoundTrips	testBrowserPanelKindRoundTrips	c11Tests/WorkspaceSnapshotBrowserMarkdownRoundTripTests.swift		ev:Test,nomember
testActivityMetadataMutationsRehydrateLiveTabProjection	testActivityMetadataMutationsRehydrateLivePanelProjection	c11Tests/WorkspaceUnitTests.swift		ev:Test,nomember
testClosingFocusedSplitRestoresBranchForRemainingFocusedTab	testClosingFocusedSplitRestoresBranchForRemainingFocusedPanel	c11Tests/WorkspaceUnitTests.swift		ev:Test,nomember
testColorMetadataWriteDrivesTabColorAndKeepsWriterTier	testColorMetadataWriteDrivesPanelColorAndKeepsWriterTier	c11Tests/WorkspaceUnitTests.swift		ev:Test,nomember
testDetachAttachAcrossWorkspacesPreservesNonCustomTabTitle	testDetachAttachAcrossWorkspacesPreservesNonCustomPanelTitle	c11Tests/WorkspaceUnitTests.swift		ev:Test,nomember
testDetachAttachAcrossWorkspacesPreservesTabCustomColor	testDetachAttachAcrossWorkspacesPreservesPanelCustomColor	c11Tests/WorkspaceUnitTests.swift		ev:Test,nomember
testDetachAttachAndRollbackPreserveTabActivityResolverInputs	testDetachAttachAndRollbackPreservePanelActivityResolverInputs	c11Tests/WorkspaceUnitTests.swift		ev:Test,nomember
testDetachLastTabLeavesWorkspaceTemporarilyEmptyForMoveFlow	testDetachLastPanelLeavesWorkspaceTemporarilyEmptyForMoveFlow	c11Tests/WorkspaceUnitTests.swift		ev:Test,nomember
testFallsBackToAnotherTerminalInPaneWhenSelectedTabIsBrowser	testFallsBackToAnotherTerminalInPaneWhenSelectedPanelIsBrowser	c11Tests/WorkspaceUnitTests.swift		ev:Test,nomember
testIconMetadataDrivesTabBadgeAndBlankClears	testIconMetadataDrivesPanelBadgeAndBlankClears	c11Tests/WorkspaceUnitTests.swift		ev:Test,nomember
testNewBrowserTabFailureDoesNotMutatePreferredProfile	testNewBrowserPanelFailureDoesNotMutatePreferredProfile	c11Tests/WorkspaceUnitTests.swift		ev:Test,nomember
testPreferredTerminalTabWinsWhenProvided	testPreferredTerminalPanelWinsWhenProvided	c11Tests/WorkspaceUnitTests.swift		ev:Test,nomember
testRemovingTerminalTypeMetadataClearsAgentTabActivityState	testRemovingTerminalTypeMetadataClearsAgentPanelActivityState	c11Tests/WorkspaceUnitTests.swift		ev:Test,nomember
testSessionRestoreRehydratesPersistedDerivedActivityBeforeTabSync	testSessionRestoreRehydratesPersistedDerivedActivityBeforePanelSync	c11Tests/WorkspaceUnitTests.swift		ev:Test,nomember
testSetTabCustomColorClearsViaNilOrEmpty	testSetPanelCustomColorClearsViaNilOrEmpty	c11Tests/WorkspaceUnitTests.swift		ev:Test,nomember
testSetTabCustomColorIgnoresUnknownTabId	testSetPanelCustomColorIgnoresUnknownPanelId	c11Tests/WorkspaceUnitTests.swift		ev:Test,nomember
testSetTabCustomColorNormalizesValidHex	testSetPanelCustomColorNormalizesValidHex	c11Tests/WorkspaceUnitTests.swift		ev:Test,nomember
testSetTabCustomColorRejectsInvalidHexLeavesPriorValue	testSetPanelCustomColorRejectsInvalidHexLeavesPriorValue	c11Tests/WorkspaceUnitTests.swift		ev:Test,nomember
testSidebarDerivedCollectionsMatchWhenUsingPrecomputedTabOrder	testSidebarDerivedCollectionsMatchWhenUsingPrecomputedPanelOrder	c11Tests/WorkspaceUnitTests.swift		ev:Test,nomember
testSidebarOrderingUsesPaneOrderThenTabOrderWithBranchDeduping	testSidebarOrderingUsesPaneOrderThenPanelOrderWithBranchDeduping	c11Tests/WorkspaceUnitTests.swift		ev:Test,nomember
testSidebarPullRequestsIncludeBackgroundTabs	testSidebarPullRequestsIncludeBackgroundPanels	c11Tests/WorkspaceUnitTests.swift		ev:Test,nomember
testSnapshotAndRestorePreserveCreationAcrossTabKinds	testSnapshotAndRestorePreserveCreationAcrossPanelKinds	c11Tests/WorkspaceUnitTests.swift		ev:Test,nomember
testTabColorMirrorsIntoColorMetadata	testPanelColorMirrorsIntoColorMetadata	c11Tests/WorkspaceUnitTests.swift		ev:Test,nomember
testTargetedReadsOnUnknownTabAreEmpty	testTargetedReadsOnUnknownPanelAreEmpty	c11Tests/WorkspaceUnitTests.swift		ev:Test,nomember
testTeardownAllTabsClearsTabMetadataCaches	testTeardownAllPanelsClearsPanelMetadataCaches	c11Tests/WorkspaceUnitTests.swift		ev:Test,nomember
testTeardownClearsTabCustomColors	testTeardownClearsPanelCustomColors	c11Tests/WorkspaceUnitTests.swift		ev:Test,nomember
@path	c11Tests/BrowserTabTests.swift	c11Tests/BrowserPanelTests.swift	ev:Test
@path	c11Tests/MailboxTabResolverTests.swift	c11Tests/MailboxPanelResolverTests.swift	ev:Test
@path	c11Tests/MarkdownTabFontScaleTests.swift	c11Tests/MarkdownPanelFontScaleTests.swift	ev:Test
@path	c11Tests/SocketTabRefRejectionWiringTests.swift	c11Tests/SocketPanelRefRejectionWiringTests.swift	ev:Test
@path	c11Tests/SocketTabRefValidatorTests.swift	c11Tests/SocketPanelRefValidatorTests.swift	ev:Test
@path	c11Tests/TabActivitySignalsTests.swift	c11Tests/PanelActivitySignalsTests.swift	ev:Test
@path	c11Tests/TabActivityTests.swift	c11Tests/PanelActivityTests.swift	ev:Test
@path	c11Tests/TabIdentityRestoreTests.swift	c11Tests/PanelIdentityRestoreTests.swift	ev:Test
@path	c11Tests/TabLayoutSettingsTests.swift	c11Tests/PanelLayoutSettingsTests.swift	ev:Test
@path	c11Tests/TabLifecycleTests.swift	c11Tests/PanelLifecycleTests.swift	ev:Test
@path	c11Tests/TabLivenessDeriverTests.swift	c11Tests/PanelLivenessDeriverTests.swift	ev:Test
@path	c11Tests/TabMetadataStoreValidationTests.swift	c11Tests/PanelMetadataStoreValidationTests.swift	ev:Test
@path	c11Tests/TabOrdinalDisplayTests.swift	c11Tests/PanelOrdinalDisplayTests.swift	ev:Test
@path	c11Tests/TabRailTipCenterTests.swift	c11Tests/PanelRailTipCenterTests.swift	ev:Test
@path	c11Tests/TabRailTipPolicyTests.swift	c11Tests/PanelRailTipPolicyTests.swift	ev:Test
@path	c11Tests/TabSeenClockTests.swift	c11Tests/PanelSeenClockTests.swift	ev:Test
@path	c11Tests/TabSheetDetailBuilderTests.swift	c11Tests/PanelSheetDetailBuilderTests.swift	ev:Test
@path	c11Tests/TabTitleBarRenderTests.swift	c11Tests/PanelTitleBarRenderTests.swift	ev:Test
@path	c11Tests/TabTypeAvailabilityTests.swift	c11Tests/PanelTypeAvailabilityTests.swift	ev:Test
